project_id,minority_qid,group_name_en,rule,matched_text,title
7037399854242558,Q125564,Manx people,R1,many people,Vaccine and assay development for Nairoviral Diseases
11170634251156289,Q7325,Jewish people,R1,the news,Shared News Coverage and Momentum Spillover Effect
11347621272031542,Q48199,Sámi people,R2,Same,"Same program, different outcomes: Understanding differential effects of teacher professional develop"
22665446581987367,Q48199,Sámi people,R2,Same,HikeWays: Mountain Trails for School Hiking Trips
31057704369837426,Q7325,Jewish people,R1,the news,Image on the Web: analysis of the image life cycle through the Web 2.0
31312024177498043,Q125564,Manx people,R1,many people,Ketamine augmentation of electroconvulsive therapy to improve outcomes in depression
37142757453124827,Q125564,Manx people,R1,many people,The old and the new Europe - arts and culture as a key to understand social and political transforma
38368862322913315,Q125564,Manx people,R1,many people,Europeans for Fair Trade
43179394606163675,Q48199,Sámi people,R2,Same,eArly warning Platform to Prevent youth from dropping out of schooL Education
43878594638693008,Q2656122,Dom people,R1,do people,GIFT(ED)
52750873555034302,Q48199,Sámi people,R2,Same,Same-Day HIV Testing and Treatment Initiation to Improve Retention in Care
58117067789702501,Q125564,Manx people,R1,many people,HabitWise - Creating Sustainable Everyday Habits
59527932588214305,Q125564,Manx people,R1,many people,The Struggle for Citizenship and Legitimacy: A Case-Study of the Roma in Romania
61251726970979279,Q7325,Jewish people,R1,the news,Windpower in Swedish climate - A complete modelling chain
63307631355973123,Q125564,Manx people,R1,many people,Silencing musculoskeletal pain: can we target spontaneously active neurons?
64563415882050878,Q125564,Manx people,R1,many people,Cultivating difference and not indifference
65511617444125745,Q125564,Manx people,R1,many people,Lifecourse and intergenerational pathways to child and adult cardiometabolic health
66728517461078696,Q125564,Manx people,R1,many people,"Capitalizing knowledge on Common Alerting Protocol, individual Capacities & Capabilities of practiti"
67495681968587771,Q48199,Sámi people,R1,same people,UK-Australia Network Promoting Longitudinal Survey Methods and Analysis
74713120196292054,Q7325,Jewish people,R1,the ews,Development of Trabectedin Analogs that Target the EWS-FLI1 Transcription Factor
75557520393512372,Q125564,Manx people,R1,many people,Investigating the Design and Use of Diagnostic Devices in Global Health
77091984047145390,Q125564,Manx people,R1,many people,A Cultural and Linguistic Journey
80648722007080125,Q125564,Manx people,R1,many people,THINK GREEN
88245840373545405,Q7325,Jewish people,R1,the news,The Role of the News Media in Perpetuating Electoral Fraud Myths in the UK and US
95386080161434809,Q125564,Manx people,R1,many people,European values for new generations - Living democracy in schools
98513620178617717,Q125564,Manx people,R1,many people,TestU Online - free portal of tests for education
101536668167108274,Q125564,Manx people,R1,many people,Time trends in childhood mental health problems: a 40-year cross-cohort comparison
107479576692630351,Q48199,Sámi people,R2,Same,Effect of Halogen Atoms on Reactivity of Other Halogen Atoms in the Same Molecule
115878060921312929,Q125564,Manx people,R1,many people,Mass Spectrometry and Artificial Intelligence-Driven Tools for Enhanced Diagnostics of Hereditary An
116713867128880514,Q125564,Manx people,R1,many people,USING TECHNOLOGY TO IMPLEMENT A HEALTHY LIFE
133169852640377476,Q7325,Jewish people,R1,the jets,Precision QCD @ LHC using Energy Correlators
134811441008570042,Q7325,Jewish people,R1,the news,"Comix &amp; Digital: New paths, new comic book forms"
136569987387359144,Q125564,Manx people,R1,many people,A randomised controlled trial of internet-based therapy for panic disorder.
156621068575662375,Q125564,Manx people,R1,many people,Food lab: translate recipes into Chemistry language
160254505380516181,Q208551,Laz people,R1,lay people,Sharing knowledge and management approaches in coastal zones. The case of the Wadden Sea
164985156863205267,Q7325,Jewish people,R1,the news,Dickens and the Heritage Sector: Dickensland
172063996958456163,Q125564,Manx people,R1,many people,The Economics and Politics of Alternative Realities
173632442779722876,Q125564,Manx people,R1,many people,Fat forward in the fight against heart disease: novel omega-3 lipid metabolites to lower triglycerid
192985700792624696,Q2656122,Dom people,R1,do people,"How Do Citizens Think About the Future? The Nature, Origins and Role of Expectations in Political Li"
194910803635131303,Q7325,Jewish people,R1,the news,"Pedagogical approaches for upskilling of teachers, mediators and experts working with Romani childre"
198036860205160381,Q48199,Sámi people,R2,Same,How Spouses Influence Each Other's Health in Same- and Different-Sex Marriages: A Dyadic and Longitu
204298458363571903,Q125564,Manx people,R1,many people,IMPROVING CREATIVE PROBLEM SOLVINGSKILLS IN MATH WITH THE HELP OF GAMES
205308069329125666,Q125564,Manx people,R1,many people,A case control study investigating factors contributing to the risk of bleeding in patients receivin
210905695210437601,Q125564,Manx people,R1,many people,End-User Programming of Visualizations
217014409669003535,Q125564,Manx people,R1,many people,Transforming hearing aids through large-scale electrophysiology and deep learning
219736542263775448,Q7325,Jewish people,R1,the news,Association of VTEC O157 and O26 strains with the bovine intestinal mucosa ex vivo
226822421053800081,Q48199,Sámi people,R2,Same,How Spouses Influence Each Other's Health in Same- and Different-Sex Marriages: A Dyadic and Longitu
232047942663475952,Q125564,Manx people,R1,many people,Performance and Ethnicity in Contemporary Spain: Agency and Resistance (1990 to the present day).
234524858779125423,Q125564,Manx people,R1,many people,Determining the role of Wnt signalling &amp; IGFBP6 in enhanced atherosclerosis risk in periodontal 
236968172397113582,Q125564,Manx people,R1,many people,Good Practices for Teaching Astronomy at Educational level - Teaching ASTronomy at Educational level
248971574153920100,Q125564,Manx people,R1,many people,COgnitive REal time SENsing SystEm for autonomous vehicles- Cognitive real time sensing system for a
253610897549156662,Q846578,Svan people,R1,san people,From the Mind to the Wall: Tracing Sign Language in Palæolithic Hand Stencils
254733512397620973,Q2656122,Dom people,R1,do people,"Resistance, Protest and Austerity: How do Working Class People 'Fight Back', and Against What?"
270614870873784128,Q125564,Manx people,R1,many people,Recycling our world - Creating awareness for a sustainable Lifestyle in young Europeans
275835876157508599,Q125564,Manx people,R1,many people,Molecular pharmacology of beta adrenoreceptors in multiple disease states
289511601231142967,Q48199,Sámi people,R2,Same,The All-or-Nothing Marriage? Marital Functioning and Health Among Individuals in Same and Different-
295443320872327019,Q125564,Manx people,R1,many people,Peace is not free
325303217510485689,Q125564,Manx people,R1,many people,Ecological consequences of hydrodynamic disturbances
327688321256488444,Q125564,Manx people,R1,many people,Be aware of and Protect Nature
330485560468865317,Q125564,Manx people,R1,many people,Under The Same Sky
330485560468865317,Q48199,Sámi people,R2,Same,Under The Same Sky
339061352455966134,Q125564,Manx people,R1,many people,The future begins now.
342734870926693677,Q125564,Manx people,R1,many people,Flu watch:Community study of behavioral &amp; biological determinants of transmission to inform seas
377320961740738027,Q125564,Manx people,R1,many people,"""""""All the world's a stage ..."""" - but what kind of World?"""
385114984588776484,Q125564,Manx people,R1,many people,Amateur Dramatics: Crafting Communities in Time and Space
385371002439037385,Q2656122,Dom people,R1,do people,Predictive Geodemographics
404942591398170105,Q125564,Manx people,R1,many people,Melatonin as a novel neuroprotectant in preterm infants
414013729643166595,Q7325,Jewish people,R1,the news,AI in the service of truth - fact checking the news in Sweden
417030858570227037,Q125564,Manx people,R1,many people,The public health importance of vitamin D: determining causal effects of intrauterine and lifetime e
422154193090709173,Q48199,Sámi people,R2,Same,We Are The Same Despite of Our Differences
428412900555883661,Q125564,Manx people,R1,many people,Engineering solutions to back pain: an interdisciplinary approach
440065906847626093,Q125564,Manx people,R1,many people,Understanding Disability through interactive technology
446439047610507936,Q48199,Sámi people,R2,Same,"Same, same, or different? Mechanisms of Parental Care Between Sexes"
459591606910425535,Q48199,Sámi people,R2,Same,A Longitudinal Assessment of the Dual Impact of Political Campaigns and Democratic Outcomes on Indiv
461216817387444823,Q125564,Manx people,R1,many people,"The Consortium on Risk in the Environment: Diagnostics, Integration, Benchmarking, Learning and Elic"
465134448548692734,Q7325,Jewish people,R1,the news,From REcovery to DIScovery-opening the debate on alternatives to financialisation
469158756454554814,Q125564,Manx people,R1,many people,"Improving health and increasing wellbeing: reducing food insecurity and waste, with dignity, through"
471333895007412229,Q48199,Sámi people,R2,Same,Same-Day HIV Testing and Treatment Initiation to Improve Retention in Care
471750983271172467,Q125564,Manx people,R1,many people,Modulators of the Hypoxia-inducible Factor (HIF) pathway and their impact on the pulmonary vasculatu
473202382075287986,Q48199,Sámi people,R2,Same,Proximal Effects of Alcohol on Same-Sex Intimate Partner Violence
474977398847656041,Q125564,Manx people,R1,many people,Cortical excitation in migraine: using vision to understand and track brain excitability
485589629810834425,Q125564,Manx people,R1,many people,Circus of Emotions: Empowering students - Building integration
494347020520015847,Q125564,Manx people,R1,many people,How automated insulin delivery therapy regulate blood glucose during different exercise modalities i
498383049164582800,Q7325,Jewish people,R1,the news,COVID-19 Voices in Finnish News Media in the Global Context: A Comparative Study of News Media’s Rol
502469064449915608,Q125564,Manx people,R1,many people,Tissue Engineering for Human Healing
502602278603461680,Q125564,Manx people,R1,many people,Stars in Europe
505656423034469095,Q7325,Jewish people,R1,the news,The New News Consumer: User-Based Innovation to Meet Paradigmatic Change in News Use and Media Habit
512349189828450773,Q125564,Manx people,R1,many people,Neubit: Transforming Mental Health Care with ANS Therapy
519560752055548092,Q125564,Manx people,R1,many people,CLASS INVARIANTS FOR ABELIAN VARIETIES OF HIGHER DIMENSION
520595639279815870,Q125564,Manx people,R1,many people,"DEMENTIA, ARTS &amp; WELLBEING NETWORK (DAWN)"
520595639279815870,Q2656122,Dom people,R1,do people,"DEMENTIA, ARTS &amp; WELLBEING NETWORK (DAWN)"
521373403249627104,Q208551,Laz people,R1,lay people,"Franciscan Writings in French (1217-1517). Literary Communication and the ""invention"" of Modernity"
523758884899648182,Q125564,Manx people,R1,many people,Using genetic variability in whole transcriptome expression in cells and tissues to understand the p
525828055873508480,Q125564,Manx people,R1,many people,Body Shining
528375536583545496,Q2656122,Dom people,R1,do people,"Lifestyles, Status, and Inequality"
533155176927972266,Q7325,Jewish people,R1,the news,Beyond Clicks and Metrics. Understanding the News Audience in the Digital Era
537294770704154497,Q125564,Manx people,R1,many people,Cooperation in the framework of the Partnership for the Professional Development of Estate Appraiser
553231602269425673,Q125564,Manx people,R1,many people,Boosting adult career management and key competences for inclusion and employability through social 
553425113378728044,Q125564,Manx people,R1,many people,Reducing stroke risk for patients with heart failure and atrial fibrillation in primary care
556039689475112339,Q125564,Manx people,R1,many people,A new coupling protocol for the synthesis of carbon-rich compounds.
561797447857422498,Q125564,Manx people,R1,many people,Design online Educative Products and ART
574964685721906640,Q125564,Manx people,R1,many people,Sensory innervation of the anal region in normal and diabetic guinea pigs
578847519971761596,Q125564,Manx people,R1,many people,Living with the past at home: domestic pre-habitation and inheritance
579223253474612889,Q125564,Manx people,R1,many people,Happy Habits
585134183985378024,Q125564,Manx people,R1,many people,Vulnerable citizens in the city: our common concern!
587916135691590780,Q125564,Manx people,R1,many people,Death and Grief in COVID-19. Grief and Mental Health of relatives in a restrictive situation of supp
591542523968172776,Q125564,Manx people,R1,many people,Stone Technology in Late Pleistocene India: A new perspective on the dispersal of Homo sapiens out o
598392775139732920,Q125564,Manx people,R1,many people,Sandtable Simulation Services Prototype
603518736178508770,Q125564,Manx people,R1,many people,Strategically integrated renewable energy and environment systems (SIRE)
609065629753020629,Q125564,Manx people,R1,many people,Urban avian ecology and ecosystem services: The challenges and possibilities of urbanization for bir
609684920005442526,Q48199,Sámi people,R2,Same,Proximal Effects of Alcohol on Same-Sex Intimate Partner Violence
610322907274323423,Q125564,Manx people,R1,many people,Temporary Pacing Safety Monitor - Caseworks and User Interface
620840526847549537,Q125564,Manx people,R1,many people,Creating Smart Hybrid Solutions for Destinations: Lessons from COVID-19
628157742891372338,Q7325,Jewish people,R1,the news,uPaint - intro to the visual world
630734754644094486,Q125564,Manx people,R1,many people,Men Who Care: Migrant-led responses to displacement in Greece
631922666029099644,Q2656122,Dom people,R1,do people,Evidence-informed decision aids for clinical trial participation: a methodological investigation of 
633430383731951960,Q125564,Manx people,R1,many people,Memory Reshaping for Depression: A Remote Digital Randomised Controlled Feasibility Trial
636779307014405904,Q125564,Manx people,R1,many people,Bioelectronics for bioelectricity: developing a platform to interrogate the role of bioelectricity i
638468505168474845,Q125564,Manx people,R1,many people,Quadruple UltrA-low-dose tReamenT for hypErTension - QUARTET
643899709923795064,Q7325,Jewish people,R1,the news,News Angler: Discovering unexpected connections in the news
648327287106499023,Q2656122,Dom people,R1,do people,From recession to success - the effects of the ´new industrialization´ in a small local community in
653793856675874630,Q125564,Manx people,R1,many people,Redefining Approaches to Mitigate Global Snakebite Burden in a Changing World: A Zoonotic Perspectiv
666477708664519791,Q125564,Manx people,R1,many people,Characterizing the effects of hearing loss and hearing aids on the neural code for music
667493882361900366,Q125564,Manx people,R1,many people,Discovery of novel neurodegeneration genes via next-generation sequencing technologies and high-thro
669660119965379318,Q48199,Sámi people,R2,Same,Possible Influence of Relationship Hierarchy on The Level of Homogamy in Same-Sex Relationships and 
674264055877040256,Q125564,Manx people,R1,many people,12 Years
677326403749106041,Q48199,Sámi people,R2,Same,STOPping pathogens in their tracks
687012668470788378,Q125564,Manx people,R1,many people,Specialized insulins from marine predators as new drug leads for diabetes
691085607462947739,Q125564,Manx people,R1,many people,A non-inferiority trial to assess the safety and immunogenicity of yellow fever vaccine dose sparing
700576872631764596,Q125564,Manx people,R1,many people,Up &amp; Go - A training program development for organisations who would like to provide better incl
706429395737015721,Q48199,Sámi people,R2,Same,"Estimating the Impact of a Multilevel, Multicomponent Intervention to Increase Uptake of HIV Testing"
710315336447752327,Q7325,Jewish people,R1,the news,Dickens and the Heritage sector
712314144533021190,Q125564,Manx people,R1,many people,Temporary Pacing Safety Monitor - Digital Platform
714623863727200827,Q125564,Manx people,R1,many people,Thriving at Home
715793190859274495,Q125564,Manx people,R1,many people,"Pictures of ageing in Uganda; A partnership to explore demographics, phenotype and self perception i"
715793190859274495,Q48199,Sámi people,R1,same people,"Pictures of ageing in Uganda; A partnership to explore demographics, phenotype and self perception i"
722812210482356701,Q125564,Manx people,R1,many people,Fair Food for a Smart Life
723371829676317071,Q2656122,Dom people,R1,do people,QESC
723833632078569978,Q125564,Manx people,R1,many people,Monitoring Local Climate Pollution
727065903175928567,Q208551,Laz people,R1,lay people,"The Public History of Science, Technology, Engineering and Medicine: Prospects and Issues"
754921049491634114,Q125564,Manx people,R1,many people,Remote working solutions to support the retention of older workers who are vulnerable to Covid-19
761575797775149729,Q125564,Manx people,R1,many people,Skills Training for Effective Practice
770001817995063718,Q125564,Manx people,R1,many people,The stress research podcast - a cultural podcast about stress and health
787812086415550335,Q125564,Manx people,R1,many people,Ventilation as a strategy to reduce indoor transmission of airborne diseases: development of new str
788041230821206505,Q125564,Manx people,R1,many people,Investigation of the role of clonal haematopoiesis as a susceptibility factor in COVID-19 infection
792490836509253652,Q125564,Manx people,R1,many people,Good intentions gone bad: bridging the gap between intentions and healthy behavior
792998032685364666,Q2656122,Dom people,R1,do people,What Do People Want to Feel? Strategic Emotion Regulation in Negotiations
793200024524867664,Q125564,Manx people,R1,many people,SpeechWave
794216476332868991,Q125564,Manx people,R1,many people,Time to Help!
801329263417284874,Q125564,Manx people,R1,many people,MICA:Development of new paradigm in differentiated care for HIV patients; Community pharmacy drug re
828368499431672533,Q125564,Manx people,R1,many people,Cessation of Volunteering in Later Life: Managing long-term impacts for volunteers and volunteer man
829168961668829681,Q7325,Jewish people,R1,the news,Critical of alternative facts
838734632846805236,Q125564,Manx people,R1,many people,HoptoStop: Development and feasibility of a novel intervention to promote active ageing and smoking 
849297500769589835,Q125564,Manx people,R1,many people,Rural European Association Development Innovation Team. READ IT - Active citizens in rural areas
855338106074202289,Q7325,Jewish people,R1,the news,Equalisters Media Project
858922377136444159,Q125564,Manx people,R1,many people,Assessment of remote ischemic conditioning on post-cardiac arrest myocardial dysfunction by magnetic
878442839900559092,Q125564,Manx people,R1,many people,Frontal cortical interactions during decision-making and social valuation
884684664484588249,Q125564,Manx people,R1,many people,Understanding the factors that led to the Brexit vote
887022355514279493,Q7325,Jewish people,R1,the jets,Exploring with particle-in-cell (PIC) simulations the limits of plasma-based charged particle accele
905879320337824328,Q125564,Manx people,R1,many people,WALKING THE LINE
918084907985849201,Q125564,Manx people,R1,many people,The potential impact of aging stereotypes in the assessment of memory deficits and screening for pro
919675372846970616,Q125564,Manx people,R1,many people,Be Supportive Mindful Active Responsible Tolerant
922647601438560112,Q7325,Jewish people,R1,the jaws,"Nature of the beast? Resolving drivers of prey choice, competition and resilience in wolves"
933764951943892267,Q2656122,Dom people,R1,do people,The “Beliefs Lab”: Understanding the Evolution and Impact of Beliefs on the Economy
935507040381984144,Q125564,Manx people,R1,many people,GCRF South Asian Nitrogen Hub
938848147781408095,Q125564,Manx people,R1,many people,Explaining the Chemistry/Biology Interface (ECBI): Networking &amp; Evaluation Phase
943381474178436122,Q48199,Sámi people,R2,Same,Understanding the mechanisms that regulate cytoplasmic capping and defining itscontributions to post
953861139952221964,Q125564,Manx people,R1,many people,Adult and Work: an Aid to Reduce the Distance
956869154715904139,Q125564,Manx people,R1,many people,Non-invasive transcutaneous vaccination by means of coated microneedles and microjets
961380214219350203,Q7325,Jewish people,R1,the jets,Unraveling the magnetic field structure and emission mechanisms in relativistic jets across all scal
974092471598073191,Q125564,Manx people,R1,many people,Sustainable initiatives for the Alps
979495081790000640,Q7325,Jewish people,R1,the news,Youth engagement with Sustainable Development Goals: the choice of moral arguments in the news for u
983360308593117356,Q7325,Jewish people,R1,the news,Violence and Warfare in the Nordic Corded Ware Complex: an Interdisciplinary Approach
983655308765777494,Q7325,Jewish people,R1,the news,The BBC Monitoring Service collection at IWM Duxford: investigating and evaluating its heritage and 
988722800004452250,Q125564,Manx people,R1,many people,Trial of vitamin D supplementation to prevent acquisition of latent tuberculosis infection in school
989793433112133270,Q125564,Manx people,R1,many people,"Practical climate change and environmental solutions with communities around schools, through the to"
990448576557501253,Q125564,Manx people,R1,many people,"Delivering the digital ambition: Exploring how we can design, implement and evaluate digital technol"
995936385425934503,Q7325,Jewish people,R1,the news,Understanding Household Responses to Inflation: Insights from Randomized Controlled Trials after Hig
996480249258483320,Q7325,Jewish people,R1,the news,ARC Future Fellowships - Grant ID: FT230100537
1000866122747485904,Q2656122,Dom people,R1,do people,How do people respond to abrupt ecosystem Changes? Using behavioral lab and field experiments to exp
1001829617485265922,Q125564,Manx people,R1,many people,"Intercultural research of the phenomenon of the globalisation, realised by Upplands Bro Gymnasium, S"
1011245040201023525,Q2656122,Dom people,R1,do people,To give or not to give? An explorative study in the practice of tipping.
1011702328086860346,Q125564,Manx people,R1,many people,"All different, all the same"
1025500274759288255,Q208551,Laz people,R1,lay people,WaArusha Agro-Pastoralist Experiences with Risk of Febrile Illness: An Ethnographic Study of Social 
1027799145499121628,Q2656122,Dom people,R1,do people,Why do people develop chronic low back pain? An investigation of brain function as a predictor of ch
1034077916015093942,Q7325,Jewish people,R1,the jets,Optimal use of jets at LHC and future colliders
1047488305241441229,Q125564,Manx people,R1,many people,Learn Medical Art Online Course
1048553187209677612,Q125564,Manx people,R1,many people,European Researchers' Night Cymru - Making a Difference in Wales
1050430254268375080,Q48199,Sámi people,R2,Same,Same-Different and Matching-to-Sample Concept Learning
1056387937327749504,Q48199,Sámi people,R1,same people,A cognitive vaccine for depression: assessment using neurobiological outcomes in experimental medici
1063500230421522056,Q125564,Manx people,R1,many people,Quadruple UltrA-low-dose tReamenT for hypErTension - QUARTET
1065248600082284298,Q7325,Jewish people,R1,the news,"If accessible, I am safe"
1065730345746717466,Q125564,Manx people,R1,many people,Deep Learning Ultra Low-Frequency Heart Rate Variability from raw ECG
1066978293760664869,Q125564,Manx people,R1,many people,Achieving silence: Neurofeedback augmentation of Mental Silence Meditation training using functional
1073513494063314620,Q125564,Manx people,R1,many people,An ADRC-NI project linking Social Security Benefits and Census data to understand the health and soc
1073968348991425480,Q48199,Sámi people,R2,Same,Comparison of Mortality and Therapy Costs Related to Patients with Acute Upper GIT Bleeding in Two H
1074719816594648474,Q7325,Jewish people,R1,the jets,3D magnetosheath jet properties finally resolved - High resolution simulations and observations
1074822483433813174,Q48199,Sámi people,R1,same people,Empowering Digital Teachers in a changing world
1075648861155184687,Q125564,Manx people,R1,many people,Clowning Entrepreneurs are Smarter
1084395903857500688,Q125564,Manx people,R1,many people,Low-dose low-cost 3D X-ray imaging for reduction of CT referrals
1087454724039904301,Q48199,Sámi people,R2,Same,The Ball Rolls in the Same Way for All in Higher Education
1113420138182466612,Q2656122,Dom people,R1,do people,Understanding Social Media Monitoring
1120608087933460603,Q125564,Manx people,R1,many people,Corporate financial decisions: A psychological approach
1136545586962319070,Q48199,Sámi people,R2,Same,Entropy and Same-Different Conceptualization
1157105907333491080,Q125564,Manx people,R1,many people,Managing Ideas in Creative Work
1157293819070737466,Q2656122,Dom people,R1,do people,A sense of justice? Attitudes to punishment in Sweden
1157500910567050556,Q125564,Manx people,R1,many people,Development and Evaluation of a Training Package to support the Remote Assessment and Management of 
1158432634876885083,Q125564,Manx people,R1,many people,The Academy of Arts
1161800648323687042,Q125564,Manx people,R1,many people,Development of a training program for improving QoL of seniors living in loneliness through educatio
1163950716507209694,Q125564,Manx people,R1,many people,Energy Divides in Europe: Closing Gaps in Understanding for Transformative Alleviation of Energy Pov
1168306216372971128,Q125564,Manx people,R1,many people,Link between Metabolic Stress and Fatigue in Rheumatoid Arthritis. Role of Janus Kinase (JAK) Inhibi
1170674835480775732,Q7325,Jewish people,R1,the news,Network Europe Workgroup on Social Ethics and Corporate Digital Responsibility
1183104435699338506,Q125564,Manx people,R1,many people,What happens when you cross LEGO and a Star Trek Replicator?
1186826613110070428,Q7325,Jewish people,R1,the news,Source Credibility - Key to the News Gate? An Examination of Factors influencing U.S. and Foreign Wa
1190398863302208389,Q48199,Sámi people,R2,Same,Under The Same Sky
1191571890739110434,Q7325,Jewish people,R1,the jets,Layering in geophysical fluid dynamics systems
1194240782054169319,Q7325,Jewish people,R1,the news,Tunisian EURAXESS Network
1200998156827974537,Q125564,Manx people,R1,many people,Training for volunteers in cultural and religious guidance of migrants and refugees
1230730890750674783,Q125564,Manx people,R1,many people,Governing elites since the dawn of modern democracy
1234352687225014913,Q125564,Manx people,R1,many people,Iron Biogeochemistry in the High Latitude North Atlantic
1235229230166335014,Q125564,Manx people,R1,many people,Trainstation - scaling the concept of a youth center for digital learning enhancing creativity
1246550582049932715,Q125564,Manx people,R1,many people,Our Shared History - Prehistoric Europe
1247057923670834924,Q125564,Manx people,R1,many people,Improving Practice in Ugandan drug shops: a holistic approach to regulation
1255629087686510380,Q125564,Manx people,R1,many people,Re-engineering the health system for South African traditional healthcare
1259151213096981713,Q7325,Jewish people,R1,the news,High Radiopurity Copper ElectroFormation at the Boulby Underground Laboratory
1264830422593249260,Q48199,Sámi people,R2,Same,Proximal Effects of Alcohol on Same-Sex Intimate Partner Violence
1269079681399679898,Q125564,Manx people,R1,many people,Neurobiological correlates of trait impulsivity and drug abuse vulnerability
1273377556016730024,Q48199,Sámi people,R2,Same,Should Rich and Poor Offenders Pay the Same Fines? Empirical Analysis of Income-Dependent Fines
1286383387459028770,Q7325,Jewish people,R1,the ews,The feasibility and acceptability of an early warning score system for preterm and low-birth weight 
1290243840036912650,Q208551,Laz people,R1,lay people,Living with Chlordecone: an Opportunity-based Co-construction
1299019399583859077,Q7325,Jewish people,R1,the jes,OSCAR - Oceanographic and Seismic Characterisation of heat dissipation and alteration by hydrotherma
1299237851890439753,Q125564,Manx people,R1,many people,VIVENDI: Still vital after transverse trauma rehabilitation
1305740742844679819,Q125564,Manx people,R1,many people,Memoryscapes: re-imagining place through immersive and participatory experiences that re-contextuali
1308791404492339244,Q125564,Manx people,R1,many people,FORESTS FOR HEALTH - Connecting humans with forest
1311058214714792171,Q125564,Manx people,R1,many people,Identification of dementia and motor neuron disease genes
1312151526507252840,Q125564,Manx people,R1,many people,Sata lajia -haaste
1315375207702584788,Q125564,Manx people,R1,many people,Relationships between diet and gastric motor function in functional dyspepsia
1315774902434727484,Q2656122,Dom people,R1,do people,"How do people choose between self-care, supported self-care and GP consultation in minor illness?"
1318178975047785698,Q125564,Manx people,R1,many people,"Repression of ""shamans"" in the Soviet North in the late 1920s through the 1950s: an archival study"
1318729534649867760,Q125564,Manx people,R1,many people,Become Your Own Boss!
1325639717554547781,Q48199,Sámi people,R2,Same,Accuracy of Same-sex Couples Data in the American Community Survey
1334096030323092277,Q125564,Manx people,R1,many people,"Biomarkers to investigate Genetics, Environment and Mechanisms in Schizophrenia (Bio-GEMS)."
1335277184446881174,Q7325,Jewish people,R1,the news,Test bed for collective e-authorisations solution
1338203771651765596,Q2656122,Dom people,R1,do people,How do people decide how they feel? Response processes in Experience Sampling Method studies
1338910274897478300,Q48199,Sámi people,R2,Same,Understanding the mechanisms that regulate cytoplasmic capping and defining itscontributions to post
1347182832111310732,Q48199,Sámi people,R1,same people,Designing for All: Trust and Inequalities in the Context of Data-driven Media
1354414669775147299,Q7325,Jewish people,R1,the news,Technology transfer to SME
1379331765171921835,Q125564,Manx people,R1,many people,The first is the Civic London 1559-1642.
1401471294468837002,Q125564,Manx people,R1,many people,ENVİRONMENTAL WARS WİTH DİGİTAL GAMES
1408074948094946821,Q125564,Manx people,R1,many people,"Using real-world big data from eHealth, biobanks and national registries, integrated with clinical t"
1413087248881050441,Q48199,Sámi people,R2,Same,Knowing Women: Gender and Same-Sex Intimacies in Postcolonial Ghana
1413507469736839472,Q125564,Manx people,R1,many people,The Open fracture National Evaluation (ONE) Study - South Africa: Improving outcomes in the care of 
1417114909429974674,Q2656122,Dom people,R1,do people,Intimate relationships in people with psychosis: A mixed methods programme of research examining the
1422106168287479095,Q125564,Manx people,R1,many people,Domino Approaches to Polycyclic Natural Products
1430296574975187162,Q48199,Sámi people,R2,Same,Rural companies as a resource in crisis
1452391891254241294,Q125564,Manx people,R1,many people,The Intelligent System for Interactive Support of Thematic Map Design
1454282286311713061,Q7325,Jewish people,R1,the news,Restoring Trust in Journalism: A Cross-Country Investigation into the Impact of Journalistic Repair 
1464333576956474944,Q125564,Manx people,R1,many people,Using data to improve public health: COVID-19 secondment
1466463248727516252,Q7325,Jewish people,R1,the news,DigiTise! Digital Toolkit for 50+ Teachers
1472441278997751126,Q125564,Manx people,R1,many people,We Choose Non-violence
1485496349561209368,Q125564,Manx people,R1,many people,Europe? That's us!
1506935775153353267,Q125564,Manx people,R1,many people,Green transformation of modern city environments to support community building and development of so
1527240818370968869,Q2656122,Dom people,R1,do people,Civic and Cultural Identities in a Changing World. Analyzing the mortuary practices of the postclass
1530578619646079070,Q125564,Manx people,R1,many people,Moral and civic reasoning in the NHS
1536852562347077417,Q48199,Sámi people,R2,Same,Vienna´s New Year´s Concerts: Same procedure as every year?
1541340162396104169,Q7325,Jewish people,R1,the news,EURINTEGRATE: Make your Country a Part of Great Europe for All
1550580403789672277,Q125564,Manx people,R1,many people,Competent Active Conscious. Educating adults for the future
1554503289891551832,Q125564,Manx people,R1,many people,Perspective Media: Personalised Video Storytelling for Data Engagement
1556489562519492912,Q48199,Sámi people,R1,same people,How political crises polarize: the role of news media in aligned opinion networks
1558854210843231765,Q7325,Jewish people,R1,the news,Key Competence Laboratory on Primary School Education
1585564527912191879,Q208551,Laz people,R1,lao people,Implementing Sustainable mobile health Technology to Optimize smoking cessation Program for Lao peop
1603750713881460265,Q7325,Jewish people,R1,the jaws,Pathophysiologic Mechanisms of Bisphosphonate Related Osteonecrosis of the Jaws
1607456246146317106,Q125564,Manx people,R1,many people,Sustainable living in Europe
1612694317675172146,Q125564,Manx people,R1,many people,MUSCLE METABOLISM AND LEPTIN IN SLEEP-RELATED RESPIRATORY FAILURE - EFFECT OF TREATMENT
1614735550756145687,Q125564,Manx people,R1,many people,"International: Embedding analysis of seismic hazard and risk for improved welfare in Bishkek, Kyrgyz"
1621181153525479780,Q7325,Jewish people,R1,the news,COVID-19: Being alone together: developing fake news immunity
1628750666896894794,Q125564,Manx people,R1,many people,E-STEP to the future (European Sport Think Energise Play)
1629454390707753595,Q7325,Jewish people,R1,the news,I-Witnessing: Global Crisis Reporting Through the Amateur Lens
1637453418532806932,Q125564,Manx people,R1,many people,Vouchsafe
1642226898220451727,Q208551,Laz people,R1,lao people,"Integrated solutions for healthy birth, growth, and development: A cluster-randomized controlled tri"
1644333653806294354,Q125564,Manx people,R1,many people,Mathematical model to simulate SARS-CoV-2 infection within-host
1648623133511620789,Q125564,Manx people,R1,many people,Astronomy at the Open University 2017-2020
1651013743818616772,Q7325,Jewish people,R1,the news,"COMPARING GENDER AND MEDIA EQUALITY ACROSS THE GLOBE: A CROSS-NATIONAL STUDY OF THE QUALITIES, CAUSE"
1653046769970781260,Q48199,Sámi people,R2,Same,How Spouses Influence Each Other's Health in Same- and Different-Sex Marriages: A Dyadic and Longitu
1655706226430544798,Q125564,Manx people,R1,many people,Climate change - open your senses!Pupils working for sustainability. Peer to peer sensitization: Dev
1658943396340346051,Q125564,Manx people,R1,many people,Teaching Materials and Activities for UNESCO Schools
1659807875972237189,Q208551,Laz people,R1,lay people,Reducing self-and other-directed ageism in the second half of life
1665732369959562574,Q125564,Manx people,R1,many people,"The social life of sexuality: erotic practices, cultural formations, and the unruliness of sexuality"
1683785007072950902,Q208551,Laz people,R1,lay people,The Enfield Exchange: Sharing National Communications Collections and Local Knowledge
1686918660984112705,Q125564,Manx people,R1,many people,The Tät® app - to give more people access to evidence-based treatment of urinary incontinence
1690816721647634429,Q2656122,Dom people,R1,do people,PROJECT 4 - HEALTH LITERACY AND CANCER PREVENTION;DO PEOPLE UNDERSTAND WHAT THEY
1697861025451829769,Q48199,Sámi people,R2,Same,LGBT+ media representation on BBC's Strictly Come Dancing: Same-sex dance pairings as a means to pro
1697861025451829769,Q7325,Jewish people,R1,the news,LGBT+ media representation on BBC's Strictly Come Dancing: Same-sex dance pairings as a means to pro
1705174417293416474,Q125564,Manx people,R1,many people,NIRG - Generating Socially Realistic Synthetic Networks
1719018533688630161,Q2656122,Dom people,R1,do people,Known Unknowns and Unknown Unknowns: Coping with Different States of Uncertainty in a Changing World
1719488063489755467,Q125564,Manx people,R1,many people,STOPS: A randomised trial of a STructured Online intervention to Promote and Support antidepressant 
1720815328252366958,Q125564,Manx people,R1,many people,The Picture Pile Platform
1733422863076988810,Q7325,Jewish people,R1,the jaws,Mechanical adaptation of cortical and trabecular bone morphology in the mammalian mandible
1740001999261207576,Q7325,Jewish people,R5,hebrew,Digital Phenotyping of Human Placenta Histology
1741078751216598982,Q125564,Manx people,R1,many people,Natural and cultural spaces - Living together in a sustainable world
1748117697357374783,Q125564,Manx people,R1,many people,Astronomy and Planetary Sciences at the Open University (APSOU)
1757781746385558529,Q7325,Jewish people,R1,the news,GUARanteeD confidentiality and efficiency in CROWDsourcing platforms
1757909173184806137,Q2656122,Dom people,R1,do people,Exploiting spatial cognition in picture database design
1778828377765152621,Q125564,Manx people,R1,many people,T.I.S.Z.A. - Territorial Initiative for Sustainable Zero-waste Actions
1779300041869755287,Q125564,Manx people,R1,many people,Social inclusion and employability for people with disability
1780924845863122868,Q125564,Manx people,R1,many people,Digital Evolution -The Journey
1783501191232493195,Q7325,Jewish people,R1,the news,Maths 4 all
1790067237334477372,Q125564,Manx people,R1,many people,"EconoMical, PsycHologicAl and Societal Impact of RanSomware (EMPHASIS)"
1794599309574130595,Q125564,Manx people,R1,many people,TRUE - Transparency of Learning Outcomes through Blockchain Technology
1810892748819685154,Q125564,Manx people,R1,many people,Continual Professional Development - refocusing talent into the PEMD sector
1815638268258244939,Q125564,Manx people,R1,many people,Distance learning training for secondary education teachers: using visual thinking as a method to te
1821282841796120017,Q7325,Jewish people,R1,the news,Stuart Dynastic Policy and Religious Politics 1621-1625
1821365643498581734,Q125564,Manx people,R1,many people,SOCIAL SEED - Incubation methodology for socially excluded entrepreneurs supported by companies
1824098092128092335,Q125564,Manx people,R1,many people,Local cultures - will they extinct?
1838210762224263557,Q125564,Manx people,R1,many people,DEXPO Developing critical thinking skills for protecting the climate - Educational methods for teach
1841538556276263835,Q125564,Manx people,R1,many people,Demokratieflugbegleiter*innen - Austausch über Peer-to-Peer-Methoden und -Projekte gegen Populismus 
1842529217188416639,Q125564,Manx people,R1,many people,Cortical excitation in migraine: using vision to understand and track brain excitability
1843019213055457243,Q208551,Laz people,R1,lay people,Who gets what and when? Pathways of antibiotic use among people and animals in Bangladesh
1844119598361493816,Q125564,Manx people,R1,many people,"Predicting treatment response to onabotulinumtoxin-a in MS-related tremor: a combined clinical, elec"
1845505570313344133,Q125564,Manx people,R1,many people,The Role of 18kDa Translocator Protein (TSPO) in cellular bioenergetics and microglial activation
1853247568992380671,Q125564,Manx people,R1,many people,The diamond cohort study- examining depressive symptoms in primary care
1853869722921383951,Q125564,Manx people,R1,many people,Evidence Synthesis to inform health related decision making
1857578058607365595,Q125564,Manx people,R1,many people,Working with community groups to understand and reduce COVID-19 vaccine hesitancy among ethnic minor
1867751537719693443,Q208551,Laz people,R1,lay people,Public and patient involvement in health data governance: a people-centred approach to data protecti
1884677827519698094,Q125564,Manx people,R1,many people,Smart Cities in the Making: Learning from Milton Keynes
1889811265464607326,Q7325,Jewish people,R1,the news,Seeing the bigger picture. The consequences of (non)verbal gender stereotyping in politicians’ media
1894510583134644425,Q7325,Jewish people,R5,hebrew,Physicists on the move
1909023288822000757,Q125564,Manx people,R1,many people,"Tea in Ireland:Consumption and Sociability, 1789-1845"
1911333624309355123,Q125564,Manx people,R1,many people,"Disability, care and participation: secondary analysis of the Life Opportunities Survey and the 2009"
1915932454498030507,Q125564,Manx people,R1,many people,ACT for ENVIRONMENT
1918306665881884250,Q7325,Jewish people,R1,the jaws,Pathophysiologic mechanisms during initiation of medication related osteonecrosis of the jaws
1920938864985586550,Q7325,Jewish people,R1,the news,Transparency and journalistic trustworthiness
1921967547415441812,Q125564,Manx people,R1,many people,Voices Of Individuals: Collectively Exploring Self-determination
1922879457613244561,Q125564,Manx people,R1,many people,CHEST Australia: reducing time to consult in primary care with symptoms of lung cancer.
1925213541524511120,Q125564,Manx people,R1,many people,Segregation in geophysical mass flows
1928678050641813491,Q125564,Manx people,R1,many people,IMPC Testing dst1 in susceptibility to infection
1929204814401455633,Q125564,Manx people,R1,many people,"Characterisation of T cells and antibody responses to Malaria, cross - sectional survey comparing tw"
1934970007783072550,Q125564,Manx people,R1,many people,What is the best way for healthcare professionals to communicate changes in estimated risk of breast
1941138917300409367,Q125564,Manx people,R1,many people,Machine Learning Supported Assisted Travel
1952432173678663722,Q2656122,Dom people,R1,do people,Multi-Religious Encounters in Urban Settings
1959080290019011734,Q125564,Manx people,R1,many people,"Production, negotiation, and translation of knowledge - a knowledge sociological study of complement"
1959444753042463820,Q125564,Manx people,R1,many people,Xenotransplantation of encapsulated insulin-producing pig cells
1962156410244030904,Q7325,Jewish people,R1,the news,Taxing sugar: the Dutch sugar tax discourse in the news media and its political agenda-setting effec
1962178701011212644,Q7325,Jewish people,R1,the news,"Beyond the news: How people encounter, engage with, and make sense of societal issues"
1965497770627665218,Q125564,Manx people,R1,many people,ReachOut - An online intervention to increase therapy motivation among people with pedophilia
1977333978520305088,Q7325,Jewish people,R1,the jewes,A History of the Representation of 'Gypsies' in Early Modern Britain
1979592003540992445,Q7325,Jewish people,R1,the jets,Collaboration in the ATLAS Experiment at CERN: data taking and analysis
1980795546128787968,Q125564,Manx people,R1,many people,Criminalising Contagion: Legal and Ethical Challenges of Disease Transmission and the criminal law
2000195735863136272,Q125564,Manx people,R1,many people,The socioecological drivers of tourist decisions and their influence on wildlife tourism sustainabil
2006594071705030088,Q208551,Laz people,R1,lay people,Comparative venom transcriptomics of centipedes: evolutionary diversification of a key ecological ad
2006775835937526355,Q125564,Manx people,R1,many people,Using Cognitive Measures to Predict Anxiolytic Response to Antidepressant Treatment (collaboration w
2012810087057006395,Q48199,Sámi people,R2,Same,Sustainability in German and Icelandic Kindergartens
2013776266391064187,Q125564,Manx people,R1,many people,Biodiversity and tourism management platform
2016761310829331173,Q7325,Jewish people,R5,hebrew,"scientific visit of professor Offer Kella (Hebrew University of Jerusalem, Israel)"
2034843079551779012,Q48199,Sámi people,R2,Same,AI-based autonomous flight control for the electric passenger aircraft of the nearest future
2041480145807102962,Q125564,Manx people,R1,many people,The resistible rise of Identity Politics? A cross-cultural analysis of national identity use within 
2046035305365118154,Q125564,Manx people,R1,many people,SP - Youth workers in education- new work approaches in schools that receive refugees and young sing
2051560001692916002,Q125564,Manx people,R1,many people,An in vitro 3D microfluidic human NeuroVascular Unit model for identifying the cell-type-specific re
2070622315429801757,Q125564,Manx people,R1,many people,Breaking down barriers to inclusion
2078518817289328806,Q125564,Manx people,R1,many people,May ICT be with you
2080906223432149854,Q125564,Manx people,R1,many people,AeroPlus Pressure Ulcer Care Recliner device for Plus sized users
2087269659472513130,Q48199,Sámi people,R1,same people,Factors of biological ageing: does it all go together when it goes?
2087332507475499394,Q125564,Manx people,R1,many people,Dynamic Capacity Management
2088304108284223143,Q7325,Jewish people,R1,the news,Beyond the Here and Now of News
2100715572564530485,Q125564,Manx people,R1,many people,Renewal of the Network of Hubs for Trials Methodology Research.
2103418408232840908,Q125564,Manx people,R1,many people,Diagnosing chronic liver disease in primary care: developing a cost effective care pathway
2109946215415077814,Q208551,Laz people,R1,lay people,"Temples, Urban Society, and Taoists: The Transformation of Modern Urban Chinese Religious Organizati"
2127538337460058355,Q7325,Jewish people,R1,the news,Enhancing Key Civic Competences for the Post-truth Era: News Literacy and Critical Thinking
2138256570028218276,Q125564,Manx people,R1,many people,Innovation in motion: augmented reality in physiotherapy
2140903542310965029,Q125564,Manx people,R1,many people,"The UK Home Office's treatment of people claiming asylum, who have unknown dates of birth, and the r"
2155123449560319825,Q7325,Jewish people,R1,the jets,The Largest Explosions in the Universe: Measuring the Structure of Gamma-ray Burst Jets
2155315468673816636,Q125564,Manx people,R1,many people,Severe infection outcomes among cancer survivors in the UK
2176373208907140122,Q2656122,Dom people,R1,do people,"'Interfaith connections at home: domestic space, practice and dialogue in contemporary London'"
2180989065059421973,Q125564,Manx people,R1,many people,Streamlining Tasks and Roles to Expand Treatment and Care for HIV
2183541282253384960,Q125564,Manx people,R1,many people,"Itfitsu makes it safer, simple and fun to shop Secondhand clothes online"
2185599381176638563,Q208551,Laz people,R1,lay people,A Traceable 3D Scanning and Reconstruction Pipeline
2188899707579592845,Q125564,Manx people,R1,many people,Assessment of ClNO2 as a missing oxidant in the UK atmosphere
2193319355046759319,Q48199,Sámi people,R2,Same,The Australian Study of Child Health in Same-Sex Families
2202790162303664668,Q7325,Jewish people,R1,the news,"Christian-Muslim Relations, a Bibliographical History 1800-1914 (CMR 1914)"
2205162646729430371,Q48199,Sámi people,R2,Same,The Effect of Halogen Atoms on the Reactivity of Othr Halogen Atoms in the Same Molecule
2224700265847764154,Q48199,Sámi people,R2,Same,TINC 2018 PerceptiLabs
2226675959158427206,Q125564,Manx people,R1,many people,Overcoming mechanical barriers to neuronal regeneration
2226922155666303187,Q7325,Jewish people,R1,the news,Appraising Potential Legal Responses to Threats to the Production of News in the Digital Environment
2253353536896983852,Q125564,Manx people,R1,many people,Randomised trial of a combined pill
2267285183527321769,Q125564,Manx people,R1,many people,"Your Heart in Their Hands, or Your Hands in Their Heart' - exploring perspectives through simulation"
2270078499452875283,Q7325,Jewish people,R1,the news,Web-based direct aid for care organisations such as food banks
2270112834000045550,Q7325,Jewish people,R1,the jets,The Life Cycles of Black-Hole Jets
2289975872531412693,Q7325,Jewish people,R5,hebrew,Reversing the effect of mechanical forces on macrophages to mount an immune response against pancrea
2297390841569584242,Q125564,Manx people,R1,many people,The Commission has also published a report on the implementation of the new rules on the protection 
2308671887157268854,Q125564,Manx people,R1,many people,Integrated system for queue monitoring and speed automatic modulation in ropeways.
2311313015299005774,Q125564,Manx people,R1,many people,The impact of COVID-19 on people living with psychosocial disabilities in Ghana and Indonesia and pr
2312441965669850809,Q208551,Laz people,R1,lao people,Developing a natural variation platform for pest-resistant cassava breeding
2320193748850263784,Q125564,Manx people,R1,many people,Healthy bodies! Healthy minds!
2325211253723975740,Q48199,Sámi people,R1,same people,Imaginate
2327816543110429011,Q125564,Manx people,R1,many people,Food shapes Europe: Promoting Food Awareness and Responsible Inclusive Entrepreneurship in the Europ
2337384143796775752,Q7325,Jewish people,R1,the news,FROM COVID-19 TO THE 2030 AGENDA: LEAVING NO ONE BEHIND
2351480997400731223,Q7325,Jewish people,R1,the news,Enjoy English Effectively
2354446737924289890,Q2656122,Dom people,R1,do people,Down's Kids: Who Needs Them?
2356832371242534372,Q125564,Manx people,R1,many people,Balance the Distance | Finding Professional Solutions for Teachers of the 21st Century to Balance Wo
2365645301942367904,Q125564,Manx people,R1,many people,Catchment Hydrology Explorer for Water Stewards (CatchExp Platform)
2377040491532003515,Q125564,Manx people,R1,many people,SwiftCare - INFORMATION SYSTEMS for HEALTH &amp; WORK
2383606205412377355,Q125564,Manx people,R1,many people,Black Hole Microstate and de Sitter Landscapes in String Theory
2390395630675990859,Q125564,Manx people,R1,many people,Machine Learning and AI Plugin Empowering Small Businesses to Champion Social Mobility
2396370116380667554,Q125564,Manx people,R1,many people,Exploratory award: Multiple environmental classification of areas for researching spatial health ine
2400013138954788621,Q125564,Manx people,R1,many people,The efficacy of a peer-to-peer online support group and an automated self-help Internet intervention
2400218264547909126,Q125564,Manx people,R1,many people,Implementing innovative technology to tackle barriers in utilising human waste derived fertilisers i
2401189324144022185,Q7325,Jewish people,R1,the news,"The Effectiveness of Dialogue in Forms of Communication, Past and Present"
2409585066452124614,Q125564,Manx people,R1,many people,Cortical Microcircuits: Parvalbumin neurons Orchestrate Stress Eating
2420474136229608321,Q7325,Jewish people,R1,the jaws,Pathophysiologic mechanisms of biosphosphonate related osteonecrosis of the jaws
2429074508682899255,Q7325,Jewish people,R1,the news,Capacity Building for Female Media Sources
2431476487700613210,Q125564,Manx people,R1,many people,5G4PHealth: Enhanced 5G-Powered Platform for Predictive Preventive Personalized and Participatory He
2431785504796891457,Q125564,Manx people,R1,many people,GCRF South Asian Nitrogen Hub
2436927160509441861,Q7325,Jewish people,R1,the news,Algorithmic gatekeepers: The democratic consequences of news selection algorithms
2438817373027717241,Q125564,Manx people,R1,many people,KEEP 50+ Knowledge Exchange in Entrepreneurship for People 50+
2442394593660448487,Q2656122,Dom people,R1,do people,Knowledge predication in language use
2451912189821425807,Q125564,Manx people,R1,many people,"Technoscience, Law and Society: Interrogating the Nexus"
2454604498428656458,Q125564,Manx people,R1,many people,Mincle has a dual role in tissue loss and inflammation after ischemic injury
2461106491816938910,Q125564,Manx people,R1,many people,"Digital health resource to support the mental health and resilience of Employers, Employees and fami"
2467037865198223550,Q125564,Manx people,R1,many people,Unity in diversity. Hidden : research on female references and sexual diversity in school methodolog
2470691657596110440,Q125564,Manx people,R1,many people,"Friendship is IN,Cyberbullying is OUT!"
2483383390120239261,Q125564,Manx people,R1,many people,Assessment of ClNO2 as a missing oxidant in the UK atmosphere
2483550501975335239,Q125564,Manx people,R1,many people,"Prebunking: Psychological &quot;vaccines&quot; against online misinformation, extremist recruitment "
2483794019398876482,Q125564,Manx people,R1,many people,Communicating wisdom: An arts and humanities-based study of fishing in youth work.
2488442619425269971,Q2656122,Dom people,R1,do people,How do people learn to deal with limb and environmental dynamics?
2501482015838307360,Q7325,Jewish people,R1,the jaws,Gnathostome dental pattern and the evolution of chondrichthyan dentitions
2503565784405831150,Q7325,Jewish people,R1,the news,ROLES OF THE NEWS MEDIA IN KNOWLEDGE DISSEMINATION AROUND NUTRITIOUS DIET
2504199288364298754,Q48199,Sámi people,R2,Same,"Mechanisms in Development, Plasticity, and Regeneration: Arethe Rules the Same. Symposium in Cincinn"
2507165697505690676,Q48199,Sámi people,R1,same people,An investigation into racial bias in court case outcomes in England and Wales
2511352778403987820,Q125564,Manx people,R1,many people,A Biological Framework of Reduced Physical and Social Activity across the Lifespan
2515534941085035323,Q2656122,Dom people,R1,do people,Interaction and Variation in Pluricentric Languages - Communicative Patterns in Sweden Swedish and F
2524650314672045654,Q7325,Jewish people,R1,the news,Media Production of Prison Communities
2525690457499206504,Q125564,Manx people,R1,many people,21CenturySoftSkills
2534037962458438638,Q125564,Manx people,R1,many people,"Sexpowerment - education in relationship,sex and emotional life with an intercultural perspective"
2548929307311222872,Q125564,Manx people,R1,many people,Safety in elderly care
2550362551885567935,Q125564,Manx people,R1,many people,Statistical inference in transmission models based on Bayesian synthesis of evidence from multiple s
2551029876625087800,Q7325,Jewish people,R1,the news,Design and Verification of Time-Critical Byzantine Fault-Tolerant Systems
2560904754746597229,Q7325,Jewish people,R1,the news,What's New on the News?
2564085036824303351,Q125564,Manx people,R1,many people,Dementia-friendly architecture: Reducing Spatial Disorientation in Dementia Care Homes
2575717588564026772,Q2656122,Dom people,R1,do people,Discovery Early Career Researcher Award - Grant ID: DE230100171
2576281223767906665,Q125564,Manx people,R1,many people,Libraries of Things Europe
2578380901551116890,Q7325,Jewish people,R1,the news,The Role of Values in Responding to Major Social Change: Christian Churches and the Transition Town 
2586589687215628485,Q125564,Manx people,R1,many people,Learning Together: know-how exchange of incubators to better support adult learners
2588250402143603887,Q125564,Manx people,R1,many people,Twistor String Theory and Time-dependent Backgrounds
2591824887807496600,Q7325,Jewish people,R1,the news,Artificial Intelligence for Production Automation (AIPA) - Development of an Machine Learning Platfo
2605805659203489991,Q125564,Manx people,R1,many people,Co-Creative MiND: The Inner Lifeworlds of MND
2611662656432042055,Q2656122,Dom people,R1,do people,How do people who voluntary stop eating and drinking (VSED) die? A prospective study among people wh
2617620097904266542,Q125564,Manx people,R1,many people,The Survivors Initiative
2636860452536280226,Q2656122,Dom people,R1,do people,Listening ahead: Do people form specific expectations about individual speakers?
2644577701790706576,Q125564,Manx people,R1,many people,Development of oral strips containing nanoencapsulated bioactive compounds
2659586797510157219,Q125564,Manx people,R1,many people,CHAT2020 - Implementation Digital Storytelling Methods in Adult Education
2666371873866635189,Q125564,Manx people,R1,many people,Investigating the role of flavonoid biosynthesis in coat-imposed dormancy to facilitate the breeding
2668928020190047211,Q208551,Laz people,R1,lay people,Building rural resilience in seismically active regions
2675883148373966326,Q208551,Laz people,R1,lay people,A new approach to navigating uncertainty in climate-related hydrologic risk
2682267548893152108,Q125564,Manx people,R1,many people,"Stories of Change: Exploring energy and community in the past, present and future"
2700206800052866154,Q7325,Jewish people,R1,the news,The Playful City- how to practice the human rights of the child in city planning.
2702810970022043888,Q125564,Manx people,R1,many people,Intelligible Car for Hearing Impaired
2707494803221174571,Q48199,Sámi people,R2,Same,Sergei Dovlatov in the context of post-Soviet literature
2714560688460530121,Q48199,Sámi people,R2,Same,Same-Sex Eros in Ancient Greece
2723103650368698451,Q125564,Manx people,R1,many people,Striatal astrocytic mechanisms underlying the development of compulsive drug seeking habits
2729595055730414781,Q125564,Manx people,R1,many people,Using the body to calm the mind: An examination of heart rate variability biofeedback as a tool to r
2731868890098800481,Q125564,Manx people,R1,many people,Smart materials for targeted stem cell fate and function in skeletal repair
2733077022246623940,Q2656122,Dom people,R1,do people,Ethics and Aesthetics of Encountering the Other: New Frameworks for Engaging with Difference
2754650426735319150,Q125564,Manx people,R1,many people,Generous or scandalous? Understanding non-take-up of social security benefits
2777032093592999280,Q7325,Jewish people,R1,the news,Immigrant families as consumers of news and media
2780689906041394111,Q125564,Manx people,R1,many people,BIO KIDS
2783058490511656013,Q125564,Manx people,R1,many people,Digital art therapy for youth with developing or existing mental health conditions
2794625589818736393,Q7325,Jewish people,R1,the news,Biodiversity in the Classroom: A study of the power of wonder about biodiversity as a response to ec
2817501976688213307,Q125564,Manx people,R1,many people,Exploratory award: Multiple environmental classification of areas for researching spatial health ine
2820432453541179856,Q125564,Manx people,R1,many people,Better off saying nothing at all?: Improving difficult social interactions by understanding fears an
2826214183662573145,Q125564,Manx people,R1,many people,GlacierXperience
2833422777107807303,Q125564,Manx people,R1,many people,European Lived Culture Connects
2856052277026598988,Q125564,Manx people,R1,many people,AGE OF MIGRATION
2856652527733401327,Q125564,Manx people,R1,many people,"From Field to Philosophy: Structures, Content, and Context of Notebooks at the Natural History Museu"
2860301092378020669,Q48199,Sámi people,R2,Same,Coding in space - education beyond divisions
2864102391927743490,Q48199,Sámi people,R1,same people,High Current Switch
2864754565541777183,Q125564,Manx people,R1,many people,Use of a novel technique to identify the sensory nerve endings that respond to painful stimuli in th
2867380398723148043,Q48199,Sámi people,R2,Same,Levonorgestrel IUD for Emergency Contraception & Same-Day Start Study
2869120904012722948,Q125564,Manx people,R1,many people,Let's embrace everybody
2869830519537196807,Q125564,Manx people,R1,many people,Preventing Overdiagnosis: A research programme to investigate and respond to the health impacts of e
2872644467937322874,Q125564,Manx people,R1,many people,Quantification of protein dynamics driving the circadian clock
2881914600176304892,Q125564,Manx people,R1,masks people,Teaching Sign Languages Online: Open Educational Resources
2883821687480406547,Q125564,Manx people,R1,many people,Temperature impacts on parasite epidemiology - case study of a contact-transmitted insect parasite
2889645164553599700,Q125564,Manx people,R1,many people,Feasibility analysis for the integration of the FitnessGenes digital self-care fitness and nutrition
2916700229671267314,Q125564,Manx people,R1,many people,Naloxone from Hospital to Home. Improving access to take-home naloxone (THN) on discharge from acute
2923715689477870405,Q125564,Manx people,R1,many people,Education About Death - Learning for Life
2924643609790160959,Q7325,Jewish people,R1,the news,Colouring in the grey zones of climate change: A science-journalism collaboration to offer the publi
2928538113281127716,Q125564,Manx people,R1,many people,Responsible and sustainable practices of individual entrepreneurs
2937002914912970510,Q7325,Jewish people,R1,the news,WEEK WEEK ENGLISH
2941308133533807268,Q125564,Manx people,R1,many people,"""""""Digital Storytelling Tools for Adult Educators"""""""
2945389552771011838,Q2656122,Dom people,R1,do people,Grey divorce - An unexplored path to uncoupling in later life
2949386330779231752,Q125564,Manx people,R1,many people,Reinventing circus organisations
2954306109735260977,Q125564,Manx people,R1,many people,ARC Future Fellowships - Grant ID: FT190100855
2978507755291520213,Q7325,Jewish people,R1,the news,To what extent does the advancement of digital media impact contemporary attempts of conflict resolu
2987190346740408989,Q125564,Manx people,R1,many people,Pre-clinical in-vivo and in-vitro investigations to discover new anti-epileptogenic drugs and their 
2988648579338815767,Q2656122,Dom people,R1,do people,Gender Equitable Interactions Online (GEiO): Supporting Gender Equity In Work-based Videoconferencin
2989449261273540922,Q125564,Manx people,R1,many people,School-based arguments: methods and experiences for learning from peer arguments (2-18 years)
2990952839582671557,Q125564,Manx people,R1,many people,"D-amino acids as modulators of the genotoxic polyketide, colibactin."
2998027722235157273,Q48199,Sámi people,R2,Same,Same-Day HIV Testing and Treatment Initiation to Improve Retention in Care
3005299065537060233,Q7325,Jewish people,R1,the news,Artificial Intelligence Tools For Automatic Single Molecule Analysis
3009694264847869257,Q48199,Sámi people,R1,same people,Testing the JANUS model of noun-phrase anaphor interpretation
3019361640603221312,Q7325,Jewish people,R1,the ews,Development of Trabectedin Analogs that Target the EWS-FLI1 Transcription Factor
3028530137608674312,Q125564,Manx people,R1,many people,"""""""Care and education"""" Professionalisation of social work in the formation of ethical competences i"
3028982614829415297,Q208551,Laz people,R1,lay people,Plug flow reactor -based Acid fermentation for Small-Scale BIOrefineries
3031873716566520442,Q48199,Sámi people,R2,Same,European Researchers' Night 2014 and 2015 in Israel
3039141978860797434,Q125564,Manx people,R1,many people,Developing the intervention &amp; outcome components of a proposed RCT of screening for open angle g
3042557069710331056,Q7325,Jewish people,R1,the ews,Characterization of the Ews/Fli-1 Chimeric Gene
3054092966969950303,Q125564,Manx people,R1,many people,Peace With ICT
3058013537669125011,Q7325,Jewish people,R1,the news,Maestri dell'acqua
3070938415566743852,Q2656122,Dom people,R1,do people,Cryptocurrencies: Why do people use them? An ethnographic study.
3077105256454707775,Q125564,Manx people,R1,many people,"Climate, environment and the new jobs"
3078779425680510348,Q846578,Svan people,R1,scan people,The neuroanatomical basis of frontal lobe cognitive dysfunction in frontal lobe and idiopathic gener
3091198518042794900,Q125564,Manx people,R1,many people,Cathepsin S inhibition as a treatment for lung inflammation and lung damage in Chronic Lung Disease
3092690456138248213,Q2656122,Dom people,R1,do people,Becoming Muslim: Conversion to Islam and Islamisation in Eastern Ethiopia
3094168009409409355,Q125564,Manx people,R1,many people,Sharing and Appreciating the Cultural Diversity of Europe.
3099680834158149283,Q125564,Manx people,R1,many people,Teaching by Gaming
3100616311263130288,Q125564,Manx people,R1,many people,"Feasibility of a hand-held, non-invasive IVD device to detect the presence of drugs in A&amp;E admis"
3102145931275403113,Q125564,Manx people,R1,many people,The knowledge strip: The art of communicating and collaborating beyond ivory tower and market stalls
3110287380510414258,Q125564,Manx people,R1,many people,Sound Insulation of seMi-thick PLatEs (SIMPLE)
3130228405477063162,Q125564,Manx people,R1,many people,Respect - a Value for a Lifetime
3136079769363510270,Q125564,Manx people,R1,many people,Holistic Approach Schools of 21st century
3136410100370156800,Q125564,Manx people,R1,many people,Ardens Workforce
3140510190467308023,Q125564,Manx people,R1,many people,The Universe and how to explore it: Engaging communities with astronomy
3153969972358140141,Q48199,Sámi people,R2,Same,"New Histories of Same-Sex Relationships, 1880-2020 (NewSexHis)"
3173680250181174571,Q125564,Manx people,R1,many people,SMART TOOLS IN SCHOOLS
3183186277705579980,Q7325,Jewish people,R1,the news,Breaking rays: young reporters for change
3189791718236690860,Q125564,Manx people,R1,many people,West Balkan Hearing Voices Network
3193851147238253675,Q7325,Jewish people,R1,the news,Agropuzzle 3.
3202111937020521253,Q2656122,Dom people,R1,do people,Precarious employment and pension planning
3205065163184653382,Q125564,Manx people,R1,many people,DEMOCRACY MATTERS
3209638084531340651,Q125564,Manx people,R1,many people,Community Response Platform
3216665410242977109,Q125564,Manx people,R1,many people,Transforming Care and Outcomes in Borderline Personality Disorder
3227005577975124697,Q125564,Manx people,R1,many people,Don't be Social Amnesia towards Climate Change and Natural Disasters
3233852089421778515,Q208551,Laz people,R1,lay people,Preventing alcohol-related harm among young women: development and feasibility testing of a communit
3239441317828496585,Q7325,Jewish people,R1,the news,Intelligent telematics information system of public transportation II
3240734174620786331,Q2656122,Dom people,R1,do people,A Shared Space and a Space for Sharing: A Transdisciplinary Exploration of Online Trust and Empathy
3266979369159954725,Q125564,Manx people,R1,many people,Total Defence for the 21st Century: Civilian-Military Collaboration in Scandinavia
3277442811927486591,Q125564,Manx people,R1,many people,The European Partnership for Action on Inclusion of People at Risk of Marginalization
3277635995061673347,Q125564,Manx people,R1,many people,Confirming Einstein's General Theory of Relativity: One hundred years on
3278394044085702498,Q125564,Manx people,R1,many people,Cloudfone Visitor Service - a 'roam like a local' Cloud service for mobile operators
3279500650666263080,Q125564,Manx people,R1,many people,Assessing the relevance of Galleria mellonella to antibiotic drug discovery for pulmonary infections
3280697592946213457,Q2656122,Dom people,R1,do people,Phantoms or fantasies? Experiences of Loss in Changing Therapeutic Contexts
3291842257595573893,Q125564,Manx people,R1,many people,"One foot here one foot there: how is sustainable economic development, innovation and working life a"
3294665777496587913,Q48199,Sámi people,R2,Same,The All-or-Nothing Marriage? Marital Functioning and Health Among Individuals in Same and Different-
3308773085391167724,Q125564,Manx people,R1,many people,Back in the game: helping people successfully transition back to sport and active recreation after i
3316890585352474044,Q48199,Sámi people,R2,Same,Levonorgestrel IUD for Emergency Contraception & Same-Day Start Study
3323189094846307802,Q125564,Manx people,R1,many people,⁇ Did you get emotional? ⁇ - A multifaceted study of child and adolescent play addiction
3326050570763985046,Q125564,Manx people,R1,many people,ITC and geography at the service of the meeting of young Europeans
3329520343180225636,Q125564,Manx people,R1,many people,The Covid-19 North-South Death Transfer
3333703179540231028,Q125564,Manx people,R1,many people,Eurotopia - Building a better future by developing an eco-friendly lifestyle
3336914187339882199,Q125564,Manx people,R1,many people,The Second Study of Infectious Intestinal Disease in the Community (IID2)
3353457443925829426,Q125564,Manx people,R1,many people,Professional Learning in Uncertainty
3361625020730377514,Q125564,Manx people,R1,many people,Don't let them get lost
3367546837968284786,Q48199,Sámi people,R1,same people,Development of Atomiser Nozzle Design to increase Yield (DANDY 2)
3377081999021382445,Q125564,Manx people,R1,many people,Revolutionising Multiple Sclerosis care and trials through e-health
3382438999736984525,Q2656122,Dom people,R1,do people,Life course aetiology of dementia and cognitive decline: improving causal inference
3384725315490471291,Q7325,Jewish people,R1,the news,CLEF-Services
3392195116665623809,Q125564,Manx people,R1,many people,GCRF - Low cost technologies for safe drinking water in developing regions (SAFEWATER)
3392934170342952955,Q125564,Manx people,R1,many people,Hungarian videos
3398914895365922949,Q7325,Jewish people,R1,the news,BIO-BAKERS IN SERVICE
3410799814125822582,Q48199,Sámi people,R1,same people,"Defining the disturbance in cortical glutamate and GABA function in psychosis, its origins and conse"
3418480546202387664,Q208551,Laz people,R1,lay people,'What do Middle English sermons reveal about prayer: The most elusive yet widespread ritual of the M
3423309238602555140,Q125564,Manx people,R1,many people,Uncontrolled asthma and other factors affecting prognosis - Record search from the airway register
3424165448830013504,Q125564,Manx people,R1,many people,Caring and Sharing Communities
3432117034215683568,Q125564,Manx people,R1,many people,Morphosyntactic variation in the dialects of Xhosa
3433644333469746963,Q125564,Manx people,R1,many people,Huddled Masses: Death and Citizenship in New York City
3434065865955627346,Q7325,Jewish people,R1,the jes,OSCAR - Oceanographic and Seismic Characterisation of heat dissipation and alteration by hydrotherma
3437160361620002467,Q48199,Sámi people,R2,Same,Mechanisms of Avian Same-Different Concept Learning
3446412414555891141,Q208551,Laz people,R1,lay people,Fractures and Connections: A Critical Phenomenology of Solitude in Tibetan Exile
3453972943805637009,Q125564,Manx people,R1,many people,"Causing a Flap: using chicken-based research to transform education, poultry production and human we"
3465529763057936155,Q2656122,Dom people,R1,do people,How do people move from contemplating to attempting suicide: Investigating the cognitive mechanisms 
3472262743269084744,Q125564,Manx people,R1,many people,"OpenSAFELY, ISARIC, PHOSP: tracking consequences of COVID-19 infection across UK primary and seconda"
3477643208086330624,Q125564,Manx people,R1,many people,"The clinical outcomes, response to treatment and epidemic dynamics of HIV-1 in the UK"
3497826271601051553,Q125564,Manx people,R1,many people,Curriculum Financial Basic Education/30 days challenge
3506468997859744861,Q125564,Manx people,R1,many people,Understanding the Implications of Technology-Enabled Urban Planning Participation for Practice
3512487512374205455,Q7325,Jewish people,R1,the news,Epidermal stem and transit amplifying cells
3519479724867607467,Q208551,Laz people,R1,lay people,Viet Nam Major Overseas Programme Core Grant Renewal 2010-2015.
3519848211794025167,Q2656122,Dom people,R1,do people,Health Effects of Energy Efficiency measures and Ambient Temperature (HEEEAT)
3529116787576701501,Q208551,Laz people,R1,lay people,Strategic Project - UI 710 - 2011-2012
3544858004720640734,Q125564,Manx people,R1,many people,Overcoming mechanical barriers to neuronal regeneration
3544966902138477931,Q2656122,Dom people,R1,do people,On the origins of fairness: Infants’ expectations of distributive justice in traditional non-Western
3547440966040343164,Q2656122,Dom people,R1,do people,An ethnographic exploration of community engagement with proposals for Britain's first spaceport
3555869462456095629,Q125564,Manx people,R1,many people,Advanced Route To Manufacture Demonstrator of New Powertrain For Removable Battery Electric Motorcyc
3558043755301889271,Q125564,Manx people,R1,many people,Exploring the three novel enzymes involved in Burkholderia pseudomallei capsular polysaccharide bios
3570592983230929463,Q48199,Sámi people,R2,Same,How to pass on memory across architecture and european identity ; what are the feelings of our teena
3582187233623857790,Q125564,Manx people,R1,many people,Preclinical Studies in Xenotransplantation
3601371798614074334,Q125564,Manx people,R1,many people,"Scalable Interventions for Co-existing Mental Health and Substance Use Problems: Innovation, Technol"
3605796849100911299,Q125564,Manx people,R1,many people,"Family networks, lifestyle and health"
3606887715199395362,Q125564,Manx people,R1,many people,LEARNING SELF AWARENESS &amp; SELF MANAGEMENT TO ELIMINATE BULLYING AND CREATE PEER SUPPORT SCHEME I
3608240889463405291,Q125564,Manx people,R1,many people,Management of chronic hepatitis B in Africa: is a one-stop assessment of liver disease enough? The M
3611447487668563783,Q125564,Manx people,R1,many people,Virtual Experiences App
3616512636489844825,Q2656122,Dom people,R1,do people,"(Un)fairness perceptions: labour market, affirmative action, and algorithms"
3617724520627375506,Q125564,Manx people,R1,many people,Toward the development of post Covid-19 gender policy measures to end modern slavery and exploitatio
3618374115084561208,Q125564,Manx people,R1,many people,Developing talent through apprenticeships
3625063447004026363,Q48199,Sámi people,R2,Same,The All-or-Nothing Marriage? Marital Functioning and Health Among Individuals in Same and Different-
3630735858926939125,Q125564,Manx people,R1,many people,Palimpsest Cities: Gamification and Storytelling for Architectural History and Cultural Heritage Awa
3632618998548854156,Q2656122,Dom people,R1,do people,The Equality-Difference Paradox: National policies on cultural pluralism
3637976313161745416,Q125564,Manx people,R1,many people,PREDICTING MRI ABNORMALITIES WITH LONGITUDINAL DATA OF THE WHITEHALL II SUBSTUDY
3646954212348030929,Q7325,Jewish people,R1,the news,LIterature For Empowerment against manipulation
3647870216057474128,Q125564,Manx people,R1,many people,Theatre of Legends - Theatre for Youths
3658417453369771270,Q7325,Jewish people,R1,the news,VR+
3662793906610511179,Q125564,Manx people,R1,many people,No Other World
3671578317012682688,Q208551,Laz people,R1,lay people,"Moral Obligation, Epistemology and Public Health: The Case of Vaccine Hesitancy"
3675257798361173448,Q2656122,Dom people,R1,do people,The implications of changing migration discourses and the rise of the far-right in Europe on periphe
3683716608163813083,Q2656122,Dom people,R1,do people,CICADA Cross-disciplinary Feasibility Account
3686978478548526849,Q125564,Manx people,R1,many people,Living Lab Sustainable takeover: The right advisor
3687470551624931933,Q125564,Manx people,R1,many people,"""Next of kin"": Theorizing kinship in the age of assisted reproduction"
3695287190860999970,Q125564,Manx people,R1,many people,Building territorial bridges for the best travel experience and benefiting local communities
3698086790236541445,Q125564,Manx people,R1,many people,Wolf conflicts: Optimizing socio-ecological sustainability in large carnivore management
3700062130918932211,Q7325,Jewish people,R1,the ews,Development of Trabectedin Analogs that Target the EWS-FLI1 Transcription Factor
3705269407918961908,Q125564,Manx people,R1,many people,Individual progression of hearing difficulties in adults and children
3709349071544382231,Q125564,Manx people,R1,many people,"Digital Competences for adaptive, flexible and inclusive vocational education and training"
3709528515649027969,Q125564,Manx people,R1,many people,Challenge as a Modern Pedagogical Tool
3710249735896125762,Q7325,Jewish people,R1,the ews,Earth Observation for Early Warning of Land Degradation at European Frontier
3719052778717114679,Q125564,Manx people,R1,many people,The ARCADIA trial (Alleviation of cardioRespiratory complications in patients with COVID-19 And DIAb
3733804792068249715,Q125564,Manx people,R1,many people,A healthy digital Europe
3734621415302307336,Q125564,Manx people,R1,many people,Precision Healthcare - A novel diagnostic handheld platform for the detection of cancer biomarkers i
3737214532875534964,Q125564,Manx people,R1,many people,Self-Illuminating Holograms for Human-Computer Interaction
3758738021037817941,Q125564,Manx people,R1,many people,Incubating for Public Innovation
3760236256777014071,Q125564,Manx people,R1,many people,Exploring the use of Fermi problems to elicit students´ and pre-service teachers´ intercultural awar
3780548385585591032,Q125564,Manx people,R1,many people,"Incidence, prevalence, harms and intervention effects for problem and injecting drug use: crime, mor"
3781186518798170341,Q125564,Manx people,R1,many people,Entrepreneurship in Homes and Neighbourhoods
3786647010265975971,Q125564,Manx people,R1,many people,Syndeo Digital Well-being Coach
3789939670898676462,Q125564,Manx people,R1,many people,EXPLORE the Efficacy of a Drug Candidate for PARKinson's Dementia.
3799441886115334322,Q2656122,Dom people,R1,do people,How do people get multi-drug resistant tuberculosis?
3810892634141838720,Q125564,Manx people,R1,many people,"The next generation elite coaching platform, in your pocket."
3813863906146528685,Q125564,Manx people,R1,many people,Constructing collective identity among mobile populations: the emergence of medieval rural communes 
3817291806641698360,Q125564,Manx people,R1,many people,Inhaled EP4 receptor agonists for the treatment of idiopathic pulmonary fibrosis
3819920641248227944,Q2656122,Dom people,R1,do people,Strategic Uncertainty: An Experimental Investigation
3821057404705403649,Q125564,Manx people,R1,many people,"Lying, Misleading and What is Said"
3830332792031489604,Q7325,Jewish people,R1,the news,Learn From The Best: training AI using biological expert attention
3833779486526739806,Q125564,Manx people,R1,many people,Transforming Primary Care in Scotland and China to meet the needs of an ageing population - are heal
3837008506370303695,Q125564,Manx people,R1,many people,Search and Rescue: Emerging technologies for the Early location of Entrapped victims under Collapsed
3850261683958175896,Q125564,Manx people,R1,many people,Does food insecurity effect food-related cognition?
3855218756955818428,Q125564,Manx people,R1,many people,"Risks, Controversies & Vaccinations"
3855218756955818428,Q208551,Laz people,R1,lay people,"Risks, Controversies & Vaccinations"
3855953884937382031,Q125564,Manx people,R1,many people,Ecosystem function and Diversity in Amazonia
3862965382492423185,Q125564,Manx people,R1,many people,Capabilities-based Assessment of Disaster Displacement Risk and Pathways to Equitable Community Reco
3864264902980530683,Q48199,Sámi people,R2,Same,How Spouses Influence Each Other's Health in Same- and Different-Sex Marriages: A Dyadic and Longitu
3871102138234342049,Q125564,Manx people,R1,many people,Explaining the differential severity of COVID-19 between Indians in India and the UK
3873158249142866138,Q125564,Manx people,R1,many people,Empowering the development of a sustainable society
3874001665799040814,Q125564,Manx people,R1,many people,Historical memory: from war to exile.
3881850675829994093,Q125564,Manx people,R1,many people,Environment 4 Future
3892932584363219079,Q2656122,Dom people,R1,do people,Integrating 'when' and 'where' in models of saccade target selection
3895244136916485652,Q125564,Manx people,R1,many people,Telerehabilitation: Assessing acquired neurogenic communication disorders online.
3897004003523707713,Q48199,Sámi people,R1,same people,COVID-19 Cancer Attitudes and Behaviour Study
3897707460941826703,Q125564,Manx people,R1,many people,Effects of the COVID-19 pandemic on mental health and psychosocial factors
3914582936788389563,Q125564,Manx people,R1,many people,Interprofessional Community of Practice Healthy return to work after CVA
3915388143899425952,Q2656122,Dom people,R1,do people,How do people and animals recover from malaria?
3922190175548282714,Q125564,Manx people,R1,many people,CRAFTING 50 &amp; BEYOND: Digital enabler for older craftsmen's businesses
3943332392122917015,Q125564,Manx people,R1,many people,Development of the European Roleplay Approach
3951607306889748266,Q7325,Jewish people,R1,the jaws,Pathophysiologic mechanisms during initiation of medication related osteonecrosis of the jaws
3962281017643649936,Q125564,Manx people,R1,many people,Climate-scale analysis of changing air and water masses (CLAW)
3976707352874382065,Q125564,Manx people,R1,many people,Identification investigation and implementation of plant-based parasite control strategies
3981363556047589995,Q48199,Sámi people,R2,Same,21st Annual Interdisciplinary Conference Psychoanalysis: Not The Same Old Song and Dance
3981676813480874495,Q48199,Sámi people,R2,Same,Dissertation Research: A Comparison of Marital Quality of Asian-White Couples to that of Same-Race A
3988043183033807556,Q125564,Manx people,R1,many people,ALL IN
4008153788860496886,Q125564,Manx people,R1,many people,UnfOlding - To equip for conscious aging and conscious living in a digital society
4011803395875066060,Q48199,Sámi people,R2,Same,Same same but different - celebrating diversity
4020931890791997750,Q125564,Manx people,R1,many people,Biodiversity in Europe and ways of preserving it
4021346138411002253,Q7325,Jewish people,R1,the news,Analysis of virulence determinants in full length H5N1 influenza genomes using computational modelli
4025696422090674509,Q208551,Laz people,R1,lao people,Implementing Sustainable mobile health Technology to Optimize smoking cessation Program for Lao peop
4029896990258871826,Q125564,Manx people,R1,many people,A biologically-inspired hearing aid
4034868086549803066,Q208551,Laz people,R1,lay people,ECG-X: Making ECGs explainable with colour to support early detection of life-threatening heart cond
4037758012643385181,Q125564,Manx people,R1,many people,Make Europe Great Again
4047038540325437097,Q125564,Manx people,R1,many people,"Displacement, placemaking and wellbeing in the city"
4052334020560416660,Q7325,Jewish people,R1,the jets,Atmospheric Forcing of the Iceland Sea (AFIS)
4054295096538115089,Q125564,Manx people,R1,many people,Flip: A concurrent bi-modal programming language for computational thinking
4059888884105579493,Q125564,Manx people,R1,many people,Society Profits
4066603449621389024,Q125564,Manx people,R1,many people,MICA: Role of D1R-D3R heteromers on striatal function in L-DOPA-induced dyskinesias
4069122141402889838,Q125564,Manx people,R1,many people,Characteristic features of immune response to wheat proteins in allergic and celiac patients
4099372809488339401,Q208551,Laz people,R1,lay people,Methodology of creating plain language recommendations for knowledge translation to support evidence
4103435217637412291,Q7325,Jewish people,R1,the news,Broken Connection - How can the bond and trust between journalism and citizens be strengthened by th
4105453650918610098,Q125564,Manx people,R1,many people,Mobilizing citizens for Climate Solutions
4116239042643118781,Q125564,Manx people,R1,many people,"Moby Click, mobile solutions for school education and inclusion of secondary learners"
4127596882920409324,Q2656122,Dom people,R1,do people,Why do people join non-religious groups in highly secular states?
4137182320287117332,Q125564,Manx people,R1,many people,Community-based cyclist navigation solution to increase safety of utility bikers
4139904195521496263,Q7325,Jewish people,R1,the news,Creating and Living Sustainability
4141194939908578419,Q125564,Manx people,R1,many people,Transcranial photobiomodulation for motion sickness mitigation
4143673516694315601,Q125564,Manx people,R1,many people,Optimising General Public Uptake of a Covid-19 Vaccine: A Mixed Methods Study (OPTIMUM)
4144827767744584146,Q125564,Manx people,R1,many people,"The epistemology of religious experience from the first person perspective, and its applications."
4154336566378122725,Q125564,Manx people,R1,many people,Preferences to visit general practitioner or community pharmacists for minor ailments: A Discrete Ch
4159364285993776136,Q125564,Manx people,R1,many people,DECIDE - Delivering Enhanced Biodiversity Information with Adaptive Citizen Science and Intelligent 
4161842199241635422,Q125564,Manx people,R1,many people,Routine for Healty Life
4162967276094536427,Q7325,Jewish people,R1,the news,First App
4164042443040235912,Q48199,Sámi people,R2,Same,Different Yet The Same
4164050339574833840,Q7325,Jewish people,R1,the news,Rural resilience: Ethnographic perspectives on voluntary practices in rural Norrland
4166193845167331352,Q2656122,Dom people,R1,do people,The transformation of democracy: new facts and explanations
4169742691884895538,Q48199,Sámi people,R2,Same,PROGRESS: PRevention of cervical cancer using the Genotyping scREening and Same-day Self-sampling
4172803495936009752,Q125564,Manx people,R1,many people,The UK Interstitial Lung Disease Long-COVID19 study (UKILD-Long COVID): understanding the burden of 
4178345502883999597,Q846578,Svan people,R1,scan people,Low-cost sleep apnoea screening device
4191533633398647350,Q846578,Svan people,R1,san people,Participatory Tools for Human Development with the Youth
4192236094722195143,Q7325,Jewish people,R1,the news,Mystery of History
4193072956323407017,Q125564,Manx people,R1,many people,Traveling without borders - Our barrierfree travelguides
4194995137445223867,Q125564,Manx people,R1,many people,PEOPLE AMR Network: develoPing and Evaluating multi-faceted evidence-based interventions to prOmote 
4196335749470427280,Q125564,Manx people,R1,many people,Challenge of sustainability
4205077442553321922,Q2656122,Dom people,R1,do people,'Doing diagnosis differently': An exploration of vitality and technology in mental health
4205899188597339739,Q7325,Jewish people,R1,the ews,"Transgenic expression of the EWS-WT1 fusion protein,inducing the development of tumour that replicat"
4210208187669322661,Q125564,Manx people,R1,many people,Alcohol use disorders-Mobile based Brief Intervention Treatment (AMBIT): Technological innovation to
4218413030399939199,Q125564,Manx people,R1,many people,"Follow your Vision - FAMILY VOLUNTEERING, a new form of engagement"
4252040233557187506,Q125564,Manx people,R1,many people,Optimising digital interventions for improving sleep and wellbeing in both university students and w
4264126692794625411,Q214361,Mari people,R1,maori people,Evaluation of Family Well Being Empowerment program: A participatory action research initiative
4276625168329829121,Q125564,Manx people,R1,many people,The Landscape and Environment of Inter-war England - an interdisciplinary approach
4295477424508684941,Q7325,Jewish people,R1,the news,Are metabolites of flavonoids responsible for the health benefits of fruit and vegetable consumption
4300770956697311232,Q2656122,Dom people,R1,do people,Ethics after individualism: Phenomenological explorations of moral community
4302113974516855119,Q125564,Manx people,R1,many people,"The role of Fgf23 for blood pressure and bone mineralization during hyperkalemia, hypovolemia and hy"
4308447931937547435,Q2656122,Dom people,R1,do people,"Music and Social Intervention Network - Excellence, inclusion and intervention in music: navigating "
4310204167601785962,Q125564,Manx people,R1,many people,Digital Theatre for Performers in Isolation
4310303216963256091,Q125564,Manx people,R1,many people,"Judicial Minimalism by the European Court of Justice: Passivism, Conservatism, and Restraint in EU L"
4314177400286804782,Q125564,Manx people,R1,many people,Journey to Health through Heritage Routes
4320018945637237277,Q48199,Sámi people,R2,Same,Practical e-Training of Flexible Vocations for Supporting Home Based Working of Inactive Women as Se
4323289259228059700,Q125564,Manx people,R1,many people,Music for Healing the Soul
4326842375798089507,Q7325,Jewish people,R1,the ews,ACT4Drought: Actionable Climate Tools for Drought Preparedness in Sweden
4348212383572386834,Q7325,Jewish people,R1,the news,Vulnerability and the news media: Investigating print media coverage of groups deemed to be vulnerab
4349974389121504585,Q7325,Jewish people,R1,the news,"Generative AI in Journalism: Exploring Journalistic Norms, Democratic Roles and Future Expectations"
4360934541359823908,Q125564,Manx people,R1,many people,Quantum Code Design and Architectures
4371336286605382048,Q48199,Sámi people,R2,Same,"SPROUT, Same PROfiles for Unique Training in ECEC service"
4373932684055915184,Q125564,Manx people,R1,many people,Bacteriocins from environmental samples that kill clostridia
4380163269127097845,Q48199,Sámi people,R2,Same,TRANSLATION: Tuned Receptor ActivatioN by Same Ligand stimulATION: Resolving the molecular mechanism
4385036490813388865,Q125564,Manx people,R1,many people,Gastric motility and blood glucose control in diabetes mellitus
4402025299479012241,Q125564,Manx people,R1,many people,Back to a desirable future
4409891440914272002,Q125564,Manx people,R1,many people,Effective pedagogy for improving critical thinking
4413434532532115473,Q125564,Manx people,R1,many people,Health Hub: Systems Approaches to Commercial Determinants of Health and Equity
4443001754541393154,Q208551,Laz people,R1,lay people,Inequities in type 2 diabetes: the role of environmental injustice and chronic stress.
4445712722494799695,Q7325,Jewish people,R1,the news,Modelling the pathways of Health and Social Care following on from the impact from COVID19
4464507608523008816,Q125564,Manx people,R1,many people,Returning to a Better Place: The (Re)assessment of the ‘Good Life’ in Times of Crisis
4483648101269764175,Q125564,Manx people,R1,many people,The Development of Young Children's Mathematical Abilities: A Longitudinal Analysis
4488788733398136780,Q48199,Sámi people,R2,Same,Same Aspects of Organometallic chemistry
4503361404326948125,Q7325,Jewish people,R1,the news,THE WORLD IS BIGGER THAN WHAT YOU SEE ON THE SCREEN
4509092498948377839,Q2656122,Dom people,R1,do people,"Personal assistance relationships and disabled people: a qualitative study of emotions, ethics and p"
4509294940501980432,Q125564,Manx people,R1,many people,TINKERING EU: Addressing the adults
4511496175363020977,Q7325,Jewish people,R1,the news,Climate change believers and sceptics: a text-mining approach to measure their impact on the politic
4517779854247372585,Q208551,Laz people,R1,lay people,People’s Mediated Experiences of gynecological And obStetric violence IN PortuGal
4517779854247372585,Q7325,Jewish people,R1,the news,People’s Mediated Experiences of gynecological And obStetric violence IN PortuGal
4520011435993814842,Q125564,Manx people,R1,many people,Conscious Living
4535570633215410620,Q125564,Manx people,R1,many people,"Me, the kaleidoscope"
4536621316242820606,Q125564,Manx people,R1,many people,Healthy learners in a sustainable society
4539808165381713300,Q7325,Jewish people,R1,the news,NEWS 2 Compliant Respiration Monitor
4541261974976251870,Q48199,Sámi people,R2,Same,"Same-sex parenthood, family functionning, child development and socialization"
4541973722635304632,Q125564,Manx people,R1,many people,Discovery Projects - Grant ID: DP210101475
4545129313764928052,Q125564,Manx people,R1,many people,Fit For Europe
4546493425202826567,Q125564,Manx people,R1,many people,Unique Notes of the Same Song
4546493425202826567,Q48199,Sámi people,R2,Same,Unique Notes of the Same Song
4547718897739684053,Q7325,Jewish people,R1,the jets,Expanding supersonic plasma jet generated in dc water-stabilized arcs
4562273467154695091,Q7325,Jewish people,R1,the ews,A collaborative approach to analyze and target the EWS-FLI1 transcription factor in patients with Ew
4587452905324227370,Q7325,Jewish people,R1,the news,Understanding the permafrost and methane question
4602226373373795947,Q125564,Manx people,R1,many people,DNA-Antibody Nanoclamps as Generalizable Biosensors in Brain Injury Diagnostic
4603107484022492989,Q125564,Manx people,R1,many people,Urban Art for Inclusion
4604113511065461402,Q48199,Sámi people,R1,same people,The Cultural History of AIDS in Denmark
4604862356603322106,Q7325,Jewish people,R1,the news,Neonatal early warning score for hypothermia evaluation and treatment (NEWS-HEAT): a cluster randomi
4606885510483217614,Q273824,South Slavs,R1,south slav,State and Nation in Interwar Yugoslavia
4610499288996384203,Q7325,Jewish people,R1,the news,Applications of text and network processing for financial machine learning
4629393390771014851,Q125564,Manx people,R1,many people,Living beyond cancer: using people's experiences to develop a resource as
4629633134298085232,Q125564,Manx people,R1,many people,Redox sensitive TRP ion channels in the interaction between human lung mast cells and oxidative stre
4629798139292361568,Q125564,Manx people,R1,many people,Making a home on moving ground: Children and their families' experiences of housing insecurity in Lo
4644640186474264903,Q125564,Manx people,R1,many people,"Understanding the activity and role of DarTG, a toxin:antitoxin system responsible for a novel DNA m"
4654277999842798363,Q48199,Sámi people,R2,Same,RUI: Perception and Judgement of Abstract Same/Different Relations
4655261637602406743,Q125564,Manx people,R1,many people,Understanding transactional sex in situations of humanitarian crises and reforming institutional res
4665172913393851251,Q125564,Manx people,R1,many people,GenSo: Cooperatives and sociocracy - an innovative model for cooperative entrepreneurship
4668647432756184267,Q125564,Manx people,R1,many people,HOW CAN WE FEED OUR GENES
4679176228258455017,Q125564,Manx people,R1,many people,Point-of-care viral load testing to enhance primary care HIV services in South Africa
4686498092634394074,Q7325,Jewish people,R1,the news,Education+
4724091595611334832,Q125564,Manx people,R1,many people,International translation passport: developing effective functional practices for translation of dif
4733637815587668021,Q7325,Jewish people,R1,the news,Optimization for and with Machine Learning (OPTIMAL)
4749256281735331004,Q125564,Manx people,R1,many people,INnovative Digital DEvelopment of HEalth Pedagogics
4750246763605783659,Q125564,Manx people,R1,many people,Evoking Notions Via Inclusive Sharing to InspireNext Generation
4755690396804122264,Q125564,Manx people,R1,many people,The chemical behaviour of sulphur in magmas at high temperature and pressure
4767276833622773023,Q48199,Sámi people,R1,same people,Indigeneities in the 21st century: From ‘vanishing people’ to global players in one generation
4768171559825217116,Q125564,Manx people,R1,many people,Neural mechanisms underlying human grasp and manipulation
4770340402898018787,Q125564,Manx people,R1,many people,How do early-life infectious and nutritional exposures characteristic of tropical Africa impact subs
4785994440059920613,Q125564,Manx people,R1,many people,Second Chance Employment European Re-Training Adult Module
4786632635073618032,Q125564,Manx people,R1,many people,ECO ARTISTIC CHALLENGES
4791766035453439002,Q48199,Sámi people,R2,Same,Proximal Effects of Alcohol on Same-Sex Intimate Partner Violence
4800988623984231660,Q125564,Manx people,R1,many people,In search of the queen of science - developing mathematical competence among high school students
4813263029508744619,Q125564,Manx people,R1,many people,UVGI Cleaning of Card Payment Terminals
4816215417113889408,Q7325,Jewish people,R1,the ews,MOLECULAR MECHANISMS OF CELLULAR TRANSFORMATION BY THE EWS/FLI FUSION GENE
4829125839640677071,Q125564,Manx people,R1,many people,Interaction of Staphylococcus aureus and humans: Iron regulated surface proteins and a novel host de
4847423631024173961,Q125564,Manx people,R1,many people,Pilot Project for Care Matching Services
4862309832978301876,Q7325,Jewish people,R1,the jes,Joint eStories: Journeys from Fear to Fair
4867899359340579257,Q125564,Manx people,R1,many people,Ambassadors in Rubberboots - they think globally and act locally: Environment without boundaries - T
4883177732817341491,Q7325,Jewish people,R1,the news,Discovery Early Career Researcher Award - Grant ID: DE160100120
4883353022532117029,Q7325,Jewish people,R1,the news,"Reading messages about the sea: Marine science communication in the news, by stakeholders and in the"
4884203257795272686,Q125564,Manx people,R1,many people,A new approach to guaranteeing physical wave propagation on triangular meshes for numerical weather 
4887401175114818012,Q125564,Manx people,R1,many people,Supporting Feature Engineering for End-User Design of Gestural Interactions
4895920721724347529,Q125564,Manx people,R1,many people,EWA - The Ethno-ornithology World Archive
4897441577920652251,Q125564,Manx people,R1,many people,Heterogeneous Mobile Edge Computing
4903685158869057241,Q125564,Manx people,R1,many people,Development of practice-based pharmacist-led management of chronic pain in primary care for evaluati
4907150833398805693,Q7325,Jewish people,R1,the news,European Television Representations of Islam as Security Threat: A Comparative Analysis
4907884882095293027,Q125564,Manx people,R1,many people,Little Responsible Citizens Are Reshaping Their Future
4912168808158245482,Q125564,Manx people,R1,many people,UK-REACH: United Kingdom Research Study into Ethnicity And COVID-19 outcomes in Healthcare workers
4929976986670351524,Q7325,Jewish people,R1,the news,Modelling and inference of tree pandemics in Great Britain
4931311964757111547,Q125564,Manx people,R1,many people,COmBining memantine And cholinesterase inhibitors in Lewy body dementia treatment Trial (COBALT)
4938818826675850980,Q125564,Manx people,R1,many people,Developing and pilot testing a primary care-based toolkit to improve engagement with green health pr
4943493689568581966,Q125564,Manx people,R1,many people,Direct Credit... Reliable Payments
4947814313017155202,Q48199,Sámi people,R2,Same,"MOVERE, DOCERE, DELECTARE through Reading"
4958616084670092915,Q125564,Manx people,R1,many people,"The design, development and clinical assessment of a new metacarpophalangeal joint prosthesis"
4964323404491571560,Q125564,Manx people,R1,many people,Equitas remote bias reducing interview software
4964364618193779216,Q125564,Manx people,R1,many people,Do astrocytes maintain sleep through disassociation of arousal input?
4974083048441105044,Q125564,Manx people,R1,many people,&quot;Flashforward&quot; imagery and anxiety in young adults: Risk mechanisms and intervention devel
4979567697201252728,Q125564,Manx people,R1,many people,The development and management of post traumatic epilepsy
4982321227986392919,Q7325,Jewish people,R1,the news,Port Arrivals Data. Automatic data collection for a large-scale comparative history of 19th century 
4998326449013321853,Q48199,Sámi people,R2,Same,Reaserchers' Night Project 2016-2017 in Israel
5005886114040167464,Q7325,Jewish people,R1,the jets,"Erosional jets, the ultimate challenge in coupled flow-particle dynamics: Application to industrial "
5009004425690208345,Q2656122,Dom people,R1,do people,How do people with dyslexia remember visuo-spatial information?
5018709848514738174,Q273824,South Slavs,R1,south slav,Maffie - myth and reality. The formation of the image of the domestic anti-Austrian resistance in th
5040375850193219332,Q125564,Manx people,R1,many people,"'Children, Media and Culture': research and contracted book for Open University Press in the series,"
5043865731963999569,Q125564,Manx people,R1,many people,Ecolife
5046155138961735753,Q125564,Manx people,R1,many people,Earthucation - Enough for all?!European Schools for Sustainability and Sufficiency
5048514811022557600,Q125564,Manx people,R1,many people,Non-Hermitian Moiré Photonics
5052317206729825619,Q125564,Manx people,R1,many people,Targeting Cartilage Regeneration in joint and intervertebral disc diseases
5055495422050934709,Q125564,Manx people,R1,many people,Living the 20s
5073375964249033044,Q125564,Manx people,R1,many people,MORAL - Key Skills Micro credentials: A Passport to Employment and Inclusion
5076686071352115264,Q2656122,Dom people,R1,do people,Writing the landscape of everyday life: lay narratives of the home garden
5079845079985832802,Q2656122,Dom people,R1,do people,How the blind audience receive and experience audio descriptions of visual events
5082377512124288751,Q7325,Jewish people,R1,the news,Varieties of Media Effects
5098642761476528167,Q125564,Manx people,R1,many people,Hand to Hand - Together in Europe
5106282355763047080,Q125564,Manx people,R1,many people,"At-home, Maximised Potential DNA/RNA Detecting Device"
5117053696013939817,Q125564,Manx people,R1,many people,Modern Youth NGO Management- The Challenge of Professionalism
5134108392802254157,Q214361,Mari people,R1,mark people,"Gender, Caste and the Practices of Religious Identities"
5142532802966265579,Q125564,Manx people,R1,many people,Let's Act While We Can
5143609538515026830,Q2656122,Dom people,R1,do people,Media trust and social imaginaries: A qualitative study on the meaning and formation of media trust
5148444643876411572,Q2656122,Dom people,R1,do people,PSYchosis MAPping in kwaZulu-Natal (PSYMAP-ZN)
5176221848108240617,Q7325,Jewish people,R1,the news,Eko Życie
5185416181907770136,Q125564,Manx people,R1,many people,Cardiff University - EPSRC Capital Award for Core Equipment
5192112305934141923,Q125564,Manx people,R1,many people,Improving recent demographic inferences for marine conservation with genome-wide co-ancestry
5194324325480529821,Q125564,Manx people,R1,many people,Oxidation of mismatch: a new concept for mutation detection which avoides a separation method in mut
5194392687850587937,Q125564,Manx people,R1,many people,The Art of Helping
5203001135602927687,Q125564,Manx people,R1,many people,Harnessing splice modulation for rare neurological disorders: a route to widespread treatment access
5208433949964019799,Q125564,Manx people,R1,many people,DYD-RCT: On-line randomised controlled trial of an interactive web-based intervention for reducing a
5219937663548303009,Q48199,Sámi people,R1,same people,Building On Opportunities for Story-Telling
5220920802666232555,Q846578,Svan people,R1,scan people,Learning and Predictive Control in the Ageing Brain
5226867746636427151,Q125564,Manx people,R1,many people,Epidemiology of Tungiasis in Kenya
5237547604449939096,Q125564,Manx people,R1,many people,Online social entrepreneurship to foster inclusion of young people living with a disability or a lon
5238404483321828511,Q48199,Sámi people,R2,Same,"Passengers on the same bus! No place for discrimination, segregation and inequality"
5238589816410999631,Q125564,Manx people,R1,many people,Augmented Vocality: Recomposing the Sounds of Early Irish and Old Norse
5241807711509375664,Q125564,Manx people,R1,many people,"Sustainability, Heritage, Health"
5242367518037531349,Q48199,Sámi people,R2,Same,Inspiring Schools - Aspiring Students
5248252758455491794,Q125564,Manx people,R1,many people,Strategies for the development and maturation of functional hepatocytes from hES cells
5248933681885768772,Q125564,Manx people,R1,many people,The Visions of Youth Work
5250536006471963545,Q125564,Manx people,R1,many people,"From Individual to Collective Behaviour in Large-Scale, Complex Systems"
5254507730216666314,Q7325,Jewish people,R1,the news,The News Checker - a digital tool for pupils and teachers to critically evaluate online news
5276239091986993171,Q7325,Jewish people,R1,the jaws,"Mechanisms, development, function and evolution of individual variation in groups"
5286320433522192820,Q125564,Manx people,R1,many people,Late-stage Functionalisation of Heteroarenes and Saturated Heterocycles by Electrochemically-generat
5296028925107059317,Q125564,Manx people,R1,many people,Living and working together : Coexistence in schools
5298266907608671401,Q125564,Manx people,R1,many people,The Cosmology of the Early and Late Universe
5300946060318333784,Q7325,Jewish people,R1,the jets,Black hole accretion and outflows: novel multi-wavelength perspectives
5305172003402290186,Q7325,Jewish people,R1,the news,"Common Ground, Common Future"
5305671693200739007,Q2656122,Dom people,R1,do people,"Living Assessment: measurement, thresholds and the health of disabled and at- risk children in Engla"
5307247548511966554,Q7325,Jewish people,R1,the jaws,Towards the origins of vertebrate mineralization: the contribution of large scale transcriptome sequ
5308861827484211757,Q2656122,Dom people,R1,do people,"Art, Authenticity and Citizenship in Care Homes"
5311992410085435672,Q125564,Manx people,R1,many people,A novel strategy for the therapeutic vaccination of hepatitis C Virus using adenoviral vectors
5313141871797493451,Q2656122,Dom people,R1,do people,UserAge: Understanding user involvement in research on ageing and health
5325191907903111728,Q7325,Jewish people,R1,the news,Development of Kibble balance for primary realization of Massa
5331156819108812259,Q208551,Laz people,R1,lay people,Ethical principles for the use of evidence in democratic decision-making: The special moral responsi
5333924456828989087,Q125564,Manx people,R1,many people,"Sexual repression: the reformation and sexual relationships in transformation, c. 1540-1650"
5336353427289257103,Q125564,Manx people,R1,many people,An Error Theory about all Normative Judgements
5336353427289257103,Q48199,Sámi people,R1,same people,An Error Theory about all Normative Judgements
5345527855918561320,Q125564,Manx people,R1,many people,Songwriting Camps in the 21st Century (SC21)
5348242830371087321,Q125564,Manx people,R1,many people,Global health beyond 2015
5365378684788072284,Q125564,Manx people,R1,many people,Deltas undEr gLobal impacT of chAnge
5366206371607619436,Q125564,Manx people,R1,many people,Incidence and progression of posterior segment eye disease in a population-based cohort in Kenya
5366700279651660983,Q2656122,Dom people,R1,do people,Towards a less white future? A comparative study of diversity and discrimination within development 
5367059771103421185,Q7325,Jewish people,R1,the jets,EPSRC ICASE/Rolls Royce - Hydrogen Fuel Flow Control for Zero Carbon propulsion systems
5367484532822138702,Q7325,Jewish people,R1,the news,Strategic Project - UI 653 - 2014
5370023045980528228,Q125564,Manx people,R1,many people,"Low Cost, High Throughput Western Blot Antibody Detection Device for Those Already Infected with COV"
5371579828433575156,Q7325,Jewish people,R1,the jets,The Quark-Gluon Plasma through Energy Correlators
5375773129235196050,Q125564,Manx people,R1,many people,Decoding dysfunctional spinal cord circuitry in chronic pain.
5379043289638021692,Q125564,Manx people,R1,many people,Public transports (even) in rural areas
5387999203093077588,Q125564,Manx people,R1,many people,Youth Volunteer Educators e-learning Program
5393899102299204934,Q48199,Sámi people,R2,Same,LGBT Life in UK Higher Education: an ethnography of staff-student working relations
5396145904604280346,Q125564,Manx people,R1,many people,Escape depopulation and foster cultural heritage through active tourism
5396875112020265102,Q125564,Manx people,R1,many people,Roots of Resilience Partnership - Growing Capacity in Education for Resilience
5405050510812250380,Q125564,Manx people,R1,many people,Criminalization
5408388423341691684,Q125564,Manx people,R1,many people,Reliable evaluation of associations between Lp-PLA2 markers and the risk of cardiovascular outcomes
5413138415671530488,Q125564,Manx people,R1,many people,OBServ - Open Library of Pollinator Biodiversity and Ecosystem Services Scenarios
5414869401528101284,Q125564,Manx people,R1,many people,Discussing Inequality: Materials for the classroom and beyond
5423605572791436193,Q48199,Sámi people,R2,Same,"We're all the same - my needs, your expectations."
5442346818476354091,Q125564,Manx people,R1,many people,A double microscope/endoscope for the holographic manipulation of deep visual circuits
5446691312982018025,Q125564,Manx people,R1,many people,How language shapes speaker perception: Effects of non-standard language use on speaker evaluations
5454477121621089742,Q7325,Jewish people,R1,the news,YOU THink Critical
5456401372972960933,Q7325,Jewish people,R1,the jaws,Non-contact 3D morphometry of the palate and face in patients with clefts
5468558295978386631,Q7325,Jewish people,R1,the news,Broadcasting Europe
5468912405372122283,Q125564,Manx people,R1,many people,The sustainable added value of hybrid professionals in Brainport
5492972212202618717,Q125564,Manx people,R1,many people,Healthy movement (to know and do)
5504225434960470973,Q7325,Jewish people,R1,the news,Narrating the populist and far-right worldview: Cross-platform analysis of alternative online news m
5514864464321334332,Q2656122,Dom people,R1,do people,"Phantom trust: Faith, language, and digital inequalities in Southwest Kenya"
5517788191702301876,Q125564,Manx people,R1,many people,Quantifying Biophilia
5525626965654169252,Q125564,Manx people,R1,many people,Recent European History Through Personal Histories
5530633204038593515,Q125564,Manx people,R1,many people,E-GREEN
5539815695195088492,Q7325,Jewish people,R1,the news,forskning.se
5541862918104331677,Q7325,Jewish people,R1,the news,How to consume differently
5546028739891937345,Q125564,Manx people,R1,many people,Novel COVID-19 POC Screening Tool Based on Proprietary Nano-Sensors and ML Techniques
5548525441089806483,Q48199,Sámi people,R2,Same,Same-sex marriage and health insurance coverage decisions by employers
5555206018794574791,Q208551,Laz people,R1,lay people,"MONKS, NUNS AND TEXTILES: Production, Circulation, and Distribution of Textiles in the Monastic Envi"
5562739913971456737,Q125564,Manx people,R1,many people,Culture and bodies: an interdisciplinary approach to non-communicable disease prevention in Malawi a
5567967293460042792,Q125564,Manx people,R1,many people,Computational models of innate immune response to respiratory pathogens
5570469036000280514,Q7325,Jewish people,R1,the news,ROLES OF THE NEWS MEDIA IN KNOWLEDGE DISSEMINATION AROUND NUTRITIOUS DIET
5577652510531443153,Q7325,Jewish people,R1,the news,WE'RE SUPER
5579255020854927002,Q125564,Manx people,R1,many people,Novel Approach: Transnational Postgraduate Education and Training Programme in Musculoskeletal Regen
5586945718159998184,Q125564,Manx people,R1,many people,VIRTUAL MOBILITY AND THE CITY. How people´s use of ICT affects urban place and space.
5596265040004408205,Q125564,Manx people,R1,many people,Family Planning: Fact or Fiction?
5598531958542647837,Q125564,Manx people,R1,many people,"Me too, a smiling clown!"
5603846203622290573,Q48199,Sámi people,R2,Same,Same-sex Family Structures and Child Health: The Role of Family Resources
5612949060865778945,Q208551,Laz people,R1,lay people,Strategic Project - UI 710 - 2014
5614846469912282970,Q125564,Manx people,R1,many people,Novel pathways regulating memory in mammals
5624784758927095417,Q7325,Jewish people,R1,the jaws,Pathophysiologic Mechanisms of Bisphosphonate Related Osteonecrosis of the Jaws
5642222782680998131,Q125564,Manx people,R1,many people,A population based communication strategy to optimise colorectal cancer screening behaviour in Austr
5647314626075197151,Q2656122,Dom people,R1,do people,Selective Attention and Economic Decisions
5656778423496663628,Q125564,Manx people,R1,many people,6!nnovations Young Europeans Search
5657231811848150704,Q125564,Manx people,R1,many people,The Olympic decade: the engineering and physics of sport.
5659970628177664256,Q7325,Jewish people,R1,the news,ARC Future Fellowships - Grant ID: FT230100475
5665033180898791610,Q125564,Manx people,R1,many people,Brain region-specific immune responses driving concussion-related injury
5671967642315724154,Q125564,Manx people,R1,many people,Experience For Training
5674609382419623742,Q125564,Manx people,R1,many people,The Symphony of the Senses
5674992765369242610,Q125564,Manx people,R1,many people,GEroscience and Multi-Morbidity: identifying targets for intervention (GEMM)
5678374727273754565,Q125564,Manx people,R1,many people,Comtemporaneous challenges of the straits
5687045521368162351,Q7325,Jewish people,R1,the news,Pricing climate change related impacts in financial markets with a focus on sovereign bonds
5688518679234371688,Q125564,Manx people,R1,many people,The ESRC STEPS Centre's Legacy Initiative: Future Natures
5691578862877811691,Q125564,Manx people,R1,many people,CRE in recovery following road traffic injuries
5691769760384526768,Q415693,Akan people,R1,aian people,Community-engaged Research Toward Precision Medicine with AIAN People
5708237275532183619,Q125564,Manx people,R1,many people,Audio Textbooks - Help for Challenged Readers and Their Teachers
5716644138905647193,Q48199,Sámi people,R2,Same,Minority Stress and Mental Health among Same-Sex Couples
5727125202495892561,Q125564,Manx people,R1,many people,Acting Out Democratic Values in a United Europe: Forming Resilient Citizens
5735772034536217937,Q125564,Manx people,R1,many people,Neurobiological correlates of trait impulsivity and drug abuse vulnerability
5739639409626476983,Q125564,Manx people,R1,many people,Evidence-Based Reminiscence Therapy to Preserve the Self in Dementia
5741481420440859046,Q125564,Manx people,R1,many people,Rainbow Youth 2.0
5753608282845995486,Q125564,Manx people,R1,many people,AflaGame: Innovative tool for quality work with young on enhancing financial skills
5753920013544712834,Q125564,Manx people,R1,many people,Disentangling the History of Blood and Othering: A Relational Materialist Approach to Decolonising M
5756766194588167276,Q125564,Manx people,R1,many people,Inclusive Spaces for Sustainability Entrepreneurship
5773338771538316554,Q2656122,Dom people,R1,do people,Religious ambiguities on the urban scene: Strategies of coping with religious diversity around the B
5782522549449716185,Q125564,Manx people,R1,many people,Preventing non-communicable disease and promoting health: research to inform ethical public health a
5782522549449716185,Q208551,Laz people,R1,lay people,Preventing non-communicable disease and promoting health: research to inform ethical public health a
5786382842672721375,Q7325,Jewish people,R5,hebrew,"Invitation of Professor Manuela Consonni, Hebrew University"
5794135698876291399,Q125564,Manx people,R1,many people,Highlight It: A Public Information Campaign around the Coronavirus
5800832163472450845,Q7325,Jewish people,R1,the news,AI Social Agents
5848462486586068256,Q125564,Manx people,R1,many people,Chronic gastrointestinal symptoms and diabetes mellitus: risk factors and mechanisms
5864501789600639919,Q125564,Manx people,R1,many people,Development of MRI-guided radiation therapy
5879003000118533198,Q125564,Manx people,R1,many people,Communicating Assisted Voluntary Return (AVR): Examining tensions in discursive practice
5880271572204315373,Q125564,Manx people,R1,many people,Let’s get physical: Improving participation in sport and active recreation after musculoskeletal inj
5881107145815294502,Q125564,Manx people,R1,many people,Understanding how an MLH1 promoter polymorphism predisposes to colorectal cancer
5892183420293682128,Q208551,Laz people,R1,lay people,Designing Healthy Homes
5902506914519030767,Q125564,Manx people,R1,many people,Green H2VR - Promoting relevant green competences in the field of renewable energy through innovativ
5906063388413302153,Q7325,Jewish people,R1,the news,Virtual Classroom
5913922693052319343,Q7325,Jewish people,R5,hebrew,Using solar energy for cooling outdoor applications exposed to the sun
5915370803688025925,Q125564,Manx people,R1,many people,Supraspinal Neural Adaptations in the Transition from Acute Injury to Chronic Pain and Disability
5921269524861586677,Q125564,Manx people,R1,many people,Open Archive: The Miners' Strike: A case study in regional content.
5923586082512577581,Q7325,Jewish people,R1,the news,European Youth News Exchange
5926568599636807170,Q7325,Jewish people,R1,the news,ARC Future Fellowships - Grant ID: FT130100703
5927135585913514092,Q125564,Manx people,R1,many people,Education and life for adults aged 50+ after the COVID-19 pandemic.
5933009611434116798,Q125564,Manx people,R1,many people,Oxilia - Towards clinical translation of nanoparticle enhanced radiotherapy for inoperable and diffi
5933336852902825598,Q7325,Jewish people,R1,the news,Green journalism: the constructive path to climate motivation
5942647961077763232,Q125564,Manx people,R1,many people,Discovery Projects - Grant ID: DP170102142
5947428427453147029,Q208551,Laz people,R1,lay people,Social-cultural perspectives on diagnosis: autism as a case study
5958484900390791840,Q125564,Manx people,R1,many people,"Investigation of dysfunction of OPRS1, a novel gene implicated in neurodegeneration"
5962864419052472006,Q7325,Jewish people,R1,the news,Combatting fake news in social media
5980994048658822414,Q125564,Manx people,R1,many people,Erythropoietin therapy for treating anaemia among haemodialysis patients: associations with survival
5984689797258106675,Q125564,Manx people,R1,many people,Interactive computer-based interventions for sexual health promotion
5987497435447849333,Q7325,Jewish people,R1,the news,Digital Narratives Enhancing Social Inclusion and School Wellbeing
5992171447839024249,Q125564,Manx people,R1,many people,"Reimagining Violence: Bureaucracy, destitution and imminent force in the UK asylum system"
5999950974696802310,Q208551,Laz people,R1,lay people,Public involvement in suicide prevention: understanding and strengthening lay responses to distress
6003485179495692756,Q208551,Laz people,R1,lay people,"The experience of worship in late medieval cathedral and parish church: investigation, realisation a"
6008764271231777126,Q125564,Manx people,R1,many people,Journeys through environmental change: narratives by and for communities
6020106050994890644,Q125564,Manx people,R1,many people,Imagining Better Futures of Health and Social Care with and for People with Energy Limiting Chronic 
6020792595785669304,Q125564,Manx people,R1,many people,AI-based identification of plasma donors with Covid-19 antibodies
6025667790215557762,Q125564,Manx people,R1,many people,"RegenVOX. Stem-cell based, tissue engineered laryngeal replacement."
6028017489686740791,Q125564,Manx people,R1,many people,Falling Basins: revealing hidden faults from patterns of land subsidence from water extraction using
6038390153619771886,Q125564,Manx people,R1,many people,MOSAIC+ Person-centred resources
6038828489494527842,Q125564,Manx people,R1,many people,Autobiographical Theatre fiction as innovative tool to address the human vulnerability
6045946803446649347,Q125564,Manx people,R1,many people,Nature of Beeing in Nature
6053874739813034010,Q208551,Laz people,R1,lay people,"Talking Therapy:Using Readers' Theatre to Dialogue about Counselling, Psychotherapy and Pastoral Car"
6069898310085216723,Q125564,Manx people,R1,many people,IMPILO-AI: Intelligent Monitoring of Prosthesis conditions In LOwer limb amputees - Advancing Innova
6070142104289925082,Q125564,Manx people,R1,many people,Music at work: a critical study of individualised listening in labour
6074213631357395579,Q48199,Sámi people,R1,same people,"Location-based games as a contemporary, original, and innovative method of seniors’ teaching and lea"
6084549575988289349,Q125564,Manx people,R1,many people,Human Security and Conflict in Ukraine: Local Approaches and Transnational Dimensions
6094739194545855751,Q48199,Sámi people,R2,Same,We Are the Same - the differences and similarities between students from rural and urban areas.
6103784843647255237,Q125564,Manx people,R1,many people,SenQuality - Preparation for later life
6116464247216670263,Q7325,Jewish people,R1,the ews,"The interface of transcription, DNA damage and epigenetics: A therapeutic vulnerability of the EWS-F"
6119872771549204594,Q125564,Manx people,R1,many people,We Say That Stop Wasting
6124131457993556778,Q7325,Jewish people,R1,the news,Ensuring that COVID-19 trials consider ethnicity: the INCLUDE Ethnicity Framework for randomised tri
6128605951306526656,Q125564,Manx people,R1,many people,Preferences for Truth-telling
6128605951306526656,Q2656122,Dom people,R1,do people,Preferences for Truth-telling
6132672624841498760,Q125564,Manx people,R1,many people,Lattice-Based Cryptography
6136851768959833060,Q48199,Sámi people,R2,Same,Avian Same-Different Concept Learning and Perception
6144857935349845195,Q125564,Manx people,R1,many people,Promoting Independence Through quality dementia Care at Home (PITCH)
6159671062297881598,Q48199,Sámi people,R2,Same,Proximal Effects of Alcohol on Same-Sex Intimate Partner Violence
6167656053800958116,Q125564,Manx people,R1,many people,Structural brain correlates of an operationally defined high-risk phenotype for schizophrenia: a pop
6180161536568724184,Q208551,Laz people,R1,lay people,"Dismantling, REdialing, personalizing, and implementing task SHIFTing psychosocial interventions to "
6183445712213117063,Q2656122,Dom people,R1,do people,Cooperation Beyond Borders: An AI-driven Approach to the Study of Human Cooperation Across Cultures
6190030752138380469,Q2656122,Dom people,R1,do people,A new resource for behavioural science - Developing tools for understanding the relationship between
6196463443242793057,Q125564,Manx people,R1,many people,Getting a grip on our smartphone habits
6204279350330746959,Q125564,Manx people,R1,many people,Discovery of novel neurodegeneration genes via next-generation sequencing technologies and high-thro
6231359744757540870,Q125564,Manx people,R1,many people,The Crisis of Rhetoric: Renewing Political Speech and Speechwriting
6236475172788315593,Q48199,Sámi people,R1,same people,Psychology of Predictability: Using Danish Register Data to Understand Human Predictability by Algor
6246342681061112656,Q125564,Manx people,R1,many people,Shiftwork and Health: optimal timing of meals and physical activity
6253795896906305348,Q48199,Sámi people,R2,Same,Self-help in exchange
6255201001592659144,Q2656122,Dom people,R1,do people,"The Living Dead: Yugoslav prisoners of war and forced labourers in Norway, 1942-45"
6262126219731164782,Q125564,Manx people,R1,many people,Treating hepatitis C in Pakistan. Strategies to avoid resistance to antiviral drugs
6263116750735591681,Q7325,Jewish people,R1,the news,"Media and the European Refugee Crisis-Representations, Practices and Reception in the digital era."
6267549712180883861,Q125564,Manx people,R1,many people,Performing Activity Recognition on Unscripted Culinary Activities in a Living Lab
6308263886002327402,Q7325,Jewish people,R1,the news,Linear Response and Koopman Modes: Prediction and Criticality - LINK
6318179705852310734,Q125564,Manx people,R1,many people,"Quicksteps - Effective, small-scale and learner-centred basic training"
6331590346550176105,Q125564,Manx people,R1,many people,Invisible Heat
6334973908163638793,Q2656122,Dom people,R1,do people,People with deafblindness - health and services during the Covid-19 pandemic
6337654876697060628,Q125564,Manx people,R1,many people,Research institute exhibition stand at Nordic rail 2013
6354209064742706176,Q125564,Manx people,R1,many people,"PACTE - Sharing, Learning and Understanding for the Ecological Transition"
6367822230033459767,Q7325,Jewish people,R1,the jaws,Pathophysiologic Mechanisms of Bisphosphonate Related Osteonecrosis of the Jaws
6382514439355049223,Q125564,Manx people,R1,many people,Wearable Soft Robotics for Independent Living
6388888928545707274,Q125564,Manx people,R1,many people,A novel vaccine technology leading to accelerated availability of vaccines and improved delivery
6407433361383608269,Q2656122,Dom people,R1,do people,What do citizens regard as good government? Exploring citizens preferences for bureaucratic neutrali
6410818656278113146,Q7325,Jewish people,R1,the jaws,Pathophysiologic mechanisms of biosphosphonate related osteonecrosis of the jaws
6415749931279840162,Q125564,Manx people,R1,many people,NETS: NEuroplasticity-based Therapy for rehabilitation of Spinal cord injury patients
6418651852603098474,Q125564,Manx people,R1,many people,Leadership and climate change - the role of leading by example to promote low-carbon behaviour
6426273271192370735,Q7325,Jewish people,R1,the news,"Echo Chambers: Online Segregation, Mechanisms, and Consequences"
6431756604949828438,Q7325,Jewish people,R1,the news,&quot;How am I supposed to do this?&quot;: Navigating the use of visuals in the production of digita
6439510535498174956,Q125564,Manx people,R1,many people,"Performing Empowerment: Disability, Dance, and Inclusive Development in Post-Conflict Sri Lanka"
6446288218108477195,Q125564,Manx people,R1,many people,Become who YOU are
6447389048774546194,Q125564,Manx people,R1,many people,Mechanisms underlying disordered skin blood flow following nerve injury
6448315867840329199,Q125564,Manx people,R1,many people,TEDS 26: A longitudinal genetic approach to understanding the development and intergenerational tran
6451930927994968491,Q125564,Manx people,R1,many people,Follow-us - NEETs as Social Media Managers for SMEs
6453253030384351176,Q125564,Manx people,R1,many people,A scalable solution for delivery of Diabetes Self-Management Education in Thailand
6455298667466144953,Q7325,Jewish people,R1,the news,exchange of European experiences in sustainable viticulture: teaching and dissemination
6463417080224306488,Q125564,Manx people,R1,many people,Opioid actions on identified sensory neurons in vitro
6472899561309392464,Q7325,Jewish people,R1,the news,"The More Variety, The Better Society"
6475377465170648303,Q48199,Sámi people,R2,Same,Learning of Local Bodies to Integrate Immigrants
6494424787561941161,Q208551,Laz people,R1,lay people,"Oramics - Precedents, Technology and Influence"
6498784548398812822,Q125564,Manx people,R1,many people,Training for social and health practitioners on recognizing abuse of elderly and providing adequate 
6500355383180780214,Q7325,Jewish people,R1,the news,Automating social media management with artificial intelligence
6505951408768175722,Q125564,Manx people,R1,many people,The Regulatory Importance of SOCS molecules in Th2 Immune Responses and Disease
6511682830326680728,Q125564,Manx people,R1,many people,The environment and eating disorders: developing novel measures and hypotheses through inter-discipl
6512744443459780460,Q7325,Jewish people,R1,the news,What are the implications of 'visually orientated algorithms' for photojournalism?
6514463130020792943,Q7325,Jewish people,R1,the jets,Formation and stability of polymerically stabilized colloids
6514946717222622230,Q125564,Manx people,R1,many people,Evaluating OWise: the digital patient experience platform aimed at improving cancer outcomes
6522978802226124176,Q125564,Manx people,R1,many people,Temperature impacts on parasite epidemiology - case study of a contact-transmitted insect parasite
6523670896897164417,Q125564,Manx people,R1,many people,Temperature impacts on parasite epidemiology - case study of a contact-transmitted insect parasite
6523707883059357347,Q7325,Jewish people,R1,the jets,Imaging calorimetry for the future HEP experiences
6525943669684080256,Q125564,Manx people,R1,many people,Research into the motivating and inhibiting factors for users of outdoor gym equipment
6528363323785053037,Q125564,Manx people,R1,many people,Harmony: A natural processing approach to data discoverability and harmonisation
6532038783213417773,Q125564,Manx people,R1,many people,European Community Respiratory Health Survey III
6534466583197517841,Q125564,Manx people,R1,many people,Effective management of acute whiplash injuries requires a pragmatic approach: An RCT with stratifie
6534810130453257839,Q7325,Jewish people,R1,the news,"Let’s Know Each Other, We and Our Tourist Potential"
6557808910161133645,Q125564,Manx people,R1,many people,Trial of vitamin D supplementation to prevent acquisition of latent tuberculosis infection in school
6571436289494920055,Q415693,Akan people,R1,aian people,Co-designing a Technology-based Health Research Results Dissemination Tool with AIAN People
6575152330672917798,Q125564,Manx people,R1,many people,Women in Tech MOOC
6586084757436790796,Q125564,Manx people,R1,many people,"GCRF_NF72 Development, evaluation and implementation of a digital support to improve the management "
6591334947303956380,Q125564,Manx people,R1,many people,SpeakSum Public Release
6599362255413195393,Q125564,Manx people,R1,many people,Strategic Project - UI 436 - 2014
6601039829853646968,Q48199,Sámi people,R2,Same,Minority Stress and Mental Health among Same-Sex Couples
6606213464246286978,Q125564,Manx people,R1,many people,Cheekyheads - the young reader's digital library
6622606224434976282,Q125564,Manx people,R1,many people,Development of miDOC: an expert system and methodology for multiple imputation
6622787890120974008,Q125564,Manx people,R1,many people,Digital Participation. Engaging Diverse and Marginalised Communities.
6623060099509864116,Q125564,Manx people,R1,many people,Risk factors for SARS-CoV-2 infections and outbreaks in care home staff and residents
6630294908648441091,Q125564,Manx people,R1,many people,Mens sana in corpore sano: health promotion at school for a sustainable future
6630458586086661666,Q125564,Manx people,R1,many people,3D-enhanced Models of Aged human osteoGEnesis (3D-eMAGE)
6638905265168455140,Q125564,Manx people,R1,many people,Deltas undEr gLobal impacT of chAnge
6651672828095074712,Q125564,Manx people,R1,many people,Evolution of cooperation without iterations and without relatedness: strategic behaviour in public g
6673067197914860650,Q125564,Manx people,R1,many people,Terahertz skinometer for improved cancer prevention and treatment
6676858442547686807,Q125564,Manx people,R1,many people,A UK Centre of Excellence for Precision Therapeutic Implants (UKCEPTI)
6693938799830184122,Q125564,Manx people,R1,many people,Enhanced Mass Spectrometry Facilities for the Astbury Centre for Structural Molecular Biology
6695443523669103932,Q2656122,Dom people,R1,do people,Anthropology of Ebola: Transmission Dynamics and Outbreak Socialities
6695469858555282459,Q7325,Jewish people,R1,the news,The News Evaluator
6698160285266069163,Q125564,Manx people,R1,many people,Pushing and Pulling Evidence Into Practice: Implementing Best Practices in Upper Limb Movement Thera
6699458425358019774,Q7325,Jewish people,R1,the news,News from Utopia
6700573179949084111,Q125564,Manx people,R1,many people,Big Data on the Roman Table
6701237346939241742,Q125564,Manx people,R1,many people,Back in the game: helping people successfully transition back to sport and active recreation after i
6708663872972183378,Q5645960,Irish Catholic,R1,irish catholics,Intersectional Exile: Irish-Iberian Identities and the Comparative Translation of Diaspora (1592-164
6714991079290533536,Q125564,Manx people,R1,many people,Remembering Yesterday
6724474871383328029,Q125564,Manx people,R1,many people,"Supporting safe return-to-work and the future resilience of of cities, companies and workers post-lo"
6736552391947465683,Q48199,Sámi people,R2,Same,A Trial of Same-Day Testing and Treatment to Improve Outcomes among Symptomatic Patients Newly Diagn
6744118790643679621,Q125564,Manx people,R1,many people,Support for young (ex-) offenders
6751796749247386677,Q2656122,Dom people,R1,do people,Thinking Through Extinction
6798675294716665158,Q125564,Manx people,R1,many people,Comprehensive approach to modelling outcome and cost impacts of interventions for dementia
6799880657136787833,Q125564,Manx people,R1,many people,VR Collaboration tool/application
6801178425312086007,Q7325,Jewish people,R1,the jets,Optimization of pulsatile jet actuation in fluid mechanics
6810069651975693915,Q125564,Manx people,R1,many people,A novel strategy for the therapeutic vaccination of hepatitis C Virus using adenoviral vectors
6811952057413589865,Q125564,Manx people,R1,many people,Picture This
6822644718220962574,Q125564,Manx people,R1,many people,Making Sense of Sounds
6825499588920774995,Q125564,Manx people,R1,many people,Role of the gasotransmitter Hydrogen Sulfide (H2S) in Liver Steatosis: Potential Link with the Liver
6828711058815786994,Q7325,Jewish people,R1,the news,Civic Theatres: A Place for Towns
6830669012256263531,Q125564,Manx people,R1,many people,"Mindfulness in nature - internalizing sustainable values, valuing sustainability"
6830669012256263531,Q208551,Laz people,R1,lay people,"Mindfulness in nature - internalizing sustainable values, valuing sustainability"
6848692123015934255,Q125564,Manx people,R1,many people,Multi Agent Visualisation and Interactive Rendering
6851335766480202883,Q125564,Manx people,R1,many people,Reduce Avoid Protect Support - changing air pollution related behaviour through a smart phone app (R
6860093982145427105,Q125564,Manx people,R1,many people,Digital Inclusion by Design
6866360029836376655,Q7325,Jewish people,R1,the news,Epidermal stem and transit amplifying cells
6866419592030910357,Q125564,Manx people,R1,many people,Purechaser group Welfare Technology
6873362109598298011,Q125564,Manx people,R1,many people,Pattern matching algorithms for streaming data
6877731283566102470,Q125564,Manx people,R1,many people,Resisting Mainstream Narratives About Migration Through Individual Stories and Alternative Media
6882969925620643424,Q125564,Manx people,R1,many people,Mental well-being and health training for carers of people with disabilities and elderly people
6899521297577532382,Q2656122,Dom people,R1,do people,´Green care´ on farms in Sweden - A gender perspective on entrepreneurship in a changed welfare stat
6912044410398514819,Q125564,Manx people,R1,many people,Inclusion for a brighter future
6915496810374919385,Q2656122,Dom people,R1,do people,Risk Impact Zones Environments
6924323051698780313,Q125564,Manx people,R1,many people,Maximising the Potential of Young People through Creative and Cultural Entrepreneurship in the Commu
6927813825541433783,Q63884107,Asia Minor Greeks,R1,asia minor greek,Funerary Fines in Greco-Roman Asia Minor
6928316116927597268,Q125564,Manx people,R1,many people,Piezo1 as a novel mediator in the pathogenesis of polycystic kidney disease
6929394955308980686,Q125564,Manx people,R1,many people,Bringing us together or pulling us apart? How working in multiple teams simultaneously impacts workp
6958265294960014248,Q125564,Manx people,R1,many people,Adult education to promote RElational Ability
6959797515850219219,Q125564,Manx people,R1,many people,Green Apron - Training module for catering schools/vocational centres students in plant-based diet
6962700373201973637,Q48199,Sámi people,R1,same people,"The Sea and the Shore, Architecture and Marine Biology: The Impact of Sea Life on the Built Environm"
6964684408916166154,Q125564,Manx people,R1,many people,Immunological tools for a seroprevalence and immune status map of Burkholderia pseudomallei and thai
6981160366736180201,Q125564,Manx people,R1,many people,Work and self-development: a philosophical reappraisal
6984739370108483787,Q125564,Manx people,R1,many people,SUSTAINABLE CONSUMPTION AND CONSCIOUS INDIVIDUALS
6987848906242132219,Q7325,Jewish people,R1,the news,Disease in the news
6993325981998612354,Q125564,Manx people,R1,many people,TwinsUK: A longitudinal epidemiological and genomic resource
6993522859368790982,Q125564,Manx people,R1,many people,Culture Is Our Wings
6995405138046975947,Q125564,Manx people,R1,many people,Integrated knowledge toward experiential tourism
7007199428180282634,Q125564,Manx people,R1,many people,Socialist Industrial Design in Mao Era China and After
7013019243558598835,Q125564,Manx people,R1,many people,Determinants of immune restoration disease and persistent immune dysfunction in HIV patients respond
7027496712689959512,Q125564,Manx people,R1,many people,Rationally designed self assembled peptide scaffolds for tissue regeneration
7029711669739423259,Q125564,Manx people,R1,many people,Certification of HypoCath
7035673167273123696,Q7325,Jewish people,R1,the news,breach of the principle of non-involvement of the media in the 1999 crisis of fear - the case of the
7043428373636562587,Q125564,Manx people,R1,many people,A randomized clinical trial comparing effectiveness of 4RIF and 9INH for treatment of latent TB infe
7055069778111695575,Q7325,Jewish people,R1,the news,The Representative Audit of Britain
7059197340647513023,Q48199,Sámi people,R1,same people,The role of shell middens in the Mesolithic settlement of Western Scotland and the transition to the
7088486353957036261,Q125564,Manx people,R1,many people,To provide environmental and economic benefits within the aviation industry refuelling process throu
7092504070284825654,Q125564,Manx people,R1,many people,Measuring the Effectiveness of Conversational Storytelling
7098175478936581927,Q208551,Laz people,R1,lay people,Standardisation of Radiotherapy (START) Trial
7098297956444791415,Q125564,Manx people,R1,many people,The impact of maternal infection with Mycobacterium tuberculosis on the infant response to BCG immun
7100602769362725861,Q125564,Manx people,R1,many people,Multi-scale particle-flow interactions in deformable porous structures
7106561183790497313,Q125564,Manx people,R1,many people,Fostering the re-integration of rehabilitated young women through Ecotourism opportunities
7106706802890813828,Q7325,Jewish people,R1,the jaws,Gnathostome dental pattern and the evolution of chondrichthyan dentitions
7120546841688279987,Q125564,Manx people,R1,many people,Precision Healthcare - A novel diagnostic handheld platform for the detection of cancer biomarkers i
7122220464984286168,Q125564,Manx people,R1,many people,Enhancing outcomes of Cognitive Behavioural Therapy for anxiety and depression using between-session
7122220464984286168,Q2656122,Dom people,R1,do people,Enhancing outcomes of Cognitive Behavioural Therapy for anxiety and depression using between-session
7123753062110471882,Q125564,Manx people,R1,many people,"Partisan Prejudice: Origins, Consequences and Remedies in European Multiparty Democracies"
7130195797769840941,Q125564,Manx people,R1,many people,Clinical Pathway of care for Whiplash Injury
7132252154939009963,Q125564,Manx people,R1,many people,Together strong in languages
7132900315994553269,Q125564,Manx people,R1,many people,Harnessing Prebiotics to Modulate the Oral Microbiota: A Pathway to Enhanced Oral Health?
7134097383658599970,Q125564,Manx people,R1,many people,Understanding basic mechanisms of CD4 immunity and its regulation in relation to autoimmunity and ca
7134152180636195497,Q7325,Jewish people,R1,the news,Publicity and Nutrition
7134921291664008086,Q125564,Manx people,R1,many people,Ecotainment serving students inclusion and involvment.
7139796653365119470,Q2656122,Dom people,R1,do people,On the same wavelength: How does language help our minds resonate in synchrony?
7140336536512488299,Q125564,Manx people,R1,many people,Re-Mind
7145511603824083991,Q7325,Jewish people,R1,the news,Fight the Fake
7154225035548087034,Q125564,Manx people,R1,many people,Autism Works: Implementing solutions for sustainable work participation of individuals with autism
7156660265895513701,Q7325,Jewish people,R1,the news,"EnteroBase: A Powerful, User-Friendly Online Resource for Analyzing and Visualizing Genomic Variatio"
7167113927200339687,Q125564,Manx people,R1,many people,Responding to tourism market changes caused by C-19 and Green Deal through micro-credential-certifie
7176721613878922306,Q125564,Manx people,R1,many people,Building Inclusive Lifelong learning systems by Developing a European Understanding of Bildung for t
7177092437009765074,Q125564,Manx people,R1,many people,CRE in recovery following road traffic injuries
7180883477350271935,Q48199,Sámi people,R2,Same,DIRECT -- Same Panels. More Light. More Power.
7192557967792646989,Q125564,Manx people,R1,many people,Assisted Gamified Exercise For All (AGE4A)
7192694771145275518,Q125564,Manx people,R1,many people,Empowering Youth to Unite and Stand Up against Hate and Violence
7193037604546091238,Q2656122,Dom people,R1,do people,The Everyday Life of Media Fans: Ritual and Sacralisation in Online Media Fandom
7196018773030996921,Q125564,Manx people,R1,many people,Urban Farming Education for Sustainable Future
7212491087412041496,Q125564,Manx people,R1,many people,Eco-works - What can I do?
7237799074432982247,Q7325,Jewish people,R1,the news,Advanced Ultra-wideband (UWB) devices for wireless communications and radar
7238327320887763500,Q125564,Manx people,R1,many people,DECIDE: Delivering Enhanced Biodiversity Information with Adaptive Citizen Science and Intelligent D
7241822938726726854,Q125564,Manx people,R1,many people,We Go Green
7262735914067921080,Q125564,Manx people,R1,many people,Flu watch:Community study of behavioral &amp; biological determinants of transmission to inform seas
7265544452744716643,Q125564,Manx people,R1,many people,Pathways of calcium signalling in atrial fibrillation highlighted by genomic and transcriptomic stud
7268135083521074764,Q125564,Manx people,R1,many people,Mental Health Clinical Delivery Platform
7268519521558672092,Q48199,Sámi people,R2,Same,"""""""Cut from the Same Cloth: Engaging Minority Communities in STEM"""""""
7271192963823153589,Q48199,Sámi people,R2,Same,LCABD Collaboration: Work Package 5: Crab Cavity
7285493947609026580,Q125564,Manx people,R1,many people,Clinical Pathway of care for Whiplash Injury
7288809675708814170,Q125564,Manx people,R1,many people,"The interaction between spelling and motor processes in writing : Behavioural, developmental and bra"
7292102567315138226,Q125564,Manx people,R1,many people,"Space for solitude, and together we design environments that are more lonely."
7308394741786737966,Q125564,Manx people,R1,many people,Below the surface: the intracellular microbiome as hidden player in inflammatory bowel disease?
7310143178958389419,Q125564,Manx people,R1,many people,The Climate Casino: A serious game on climate change for the MBO
7320230208213009036,Q125564,Manx people,R1,many people,The Role of DNA dynamics in damage recognition
7332704410764469155,Q125564,Manx people,R1,many people,Centre of Research Excellence - Better Health Outcomes for Compensable Injury
7340409148358689195,Q7325,Jewish people,R1,the news,Drop Out - Coaching at School
7341491235331489023,Q125564,Manx people,R1,many people,Expression and function of fatty acid binding proteins in asthmatic airway epithelium
7343501842946481197,Q125564,Manx people,R1,many people,Challenging Extremism
7344281286949905709,Q125564,Manx people,R1,many people,Extending active life for older people with cognitive impairment through innovation in the visitor e
7348527117481502127,Q2656122,Dom people,R1,do people,"In dialogue with users, the importance of opera for society."
7360700929052808418,Q125564,Manx people,R1,many people,Principles for research on ethnicity in palliative and end of life care: development of a consensus 
7363493352030160731,Q125564,Manx people,R1,many people,"Burnout education, normatives and digital tools for European Universities"
7366737614976322194,Q7325,Jewish people,R1,the news,Trust And Visuality: Everyday digital practices
7373727110795145427,Q7325,Jewish people,R1,the jaws,Conserving our wildlife heritage: comparative biomechanics of feeding in native and introduced minks
7375173303251377525,Q125564,Manx people,R1,many people,Evaluation of recombinant complement factor H as therapy for orphan renal diseases Dense Deposit Dis
7381138401589311959,Q125564,Manx people,R1,many people,Derived and perverse methods in the local Langlands correspondence
7403470081771374336,Q125564,Manx people,R1,many people,binWaves: Exploiting Gravitational Wave Detections for Astrophysics
7407995520041487212,Q125564,Manx people,R1,many people,Interactive video on-demand for e-learning
7414327675927402229,Q7325,Jewish people,R1,the news,Measuring Information Exposure in Dynamic and Dependent Networks (ExpoNet)
7423124469812720987,Q125564,Manx people,R1,many people,Learnisa
7429792602280485344,Q125564,Manx people,R1,many people,"My house, my rules: Co-designing residential air pollution research"
7431975417666525800,Q125564,Manx people,R1,many people,Soft robots as minimal stimuli companions.
7433996859006307654,Q7325,Jewish people,R1,the lews,Gaelic Occitan Together For language Users Through United Roots and Experiences
7446939576336564987,Q125564,Manx people,R1,many people,Online help for job seekers
7448399875011316956,Q125564,Manx people,R1,many people,PeerLive: Real-time Content Distribution using Incentives-based Swarming and QoS Overlays
7450714131378680819,Q7325,Jewish people,R1,the jets,Observational Studies of Massive Star Formation
7456600558391143299,Q125564,Manx people,R1,many people,Proposal title GREEce: modeliNg of the FOREst SEctor EcoNomy
7457845995268326544,Q125564,Manx people,R1,many people,Covid long: Processes of contestation and stabilisation of an emerging pathology
7466441204198645349,Q125564,Manx people,R1,many people,Improving clinical understanding and management of tendinopathy
7471337094383459032,Q7325,Jewish people,R5,hebrew,Next generation BioResin for cost-effective molecular separation at large scale
7480137438685352742,Q48199,Sámi people,R2,Same,Novel Biophysical Tools to Measure Multiple Parameters In The Same Cell
7490905009261737862,Q125564,Manx people,R1,many people,DYD-RCT: On-line randomised controlled trial of an interactive web-based intervention for reducing a
7498161489589373537,Q125564,Manx people,R1,many people,Optimising Health Literacy through innovative Family Learning approaches
7500346124192897122,Q125564,Manx people,R1,many people,Evaluating the effects of the COVID-19 pandemic on electricity consumption patterns in the residenti
7503545250396387813,Q125564,Manx people,R1,many people,The Hug
7509410228020645379,Q7325,Jewish people,R1,the jaws,Can phenotypic plasticity and DNA methylation promote adaptive radiation?
7514158260421747680,Q125564,Manx people,R1,many people,REDucing Delays In aneurysmal Subarachnoid Haemorrhage: the REDDISH study
7529718141833191111,Q125564,Manx people,R1,many people,"DON'T WASTE, SAVE ! THE EARTH İS YOURS"
7549148729763578826,Q125564,Manx people,R1,many people,Collaboration with Stanford Center for Automotive Research (CARS)
7555641253876844079,Q208551,Laz people,R1,lao people,Implementing Sustainable mobile health Technology to Optimize smoking cessation Program for Lao peop
7556696692724688243,Q208551,Laz people,R1,lay people,Discovery Early Career Researcher Award - Grant ID: DE140100100
7564840479723083206,Q125564,Manx people,R1,many people,Two Faces of Technology: isolation and opportunities
7574110102110533062,Q125564,Manx people,R1,many people,Effortless Hearing in Noise by Brain Feedback
7584852124512911447,Q125564,Manx people,R1,many people,Clinical approaches to preventing cardiovascular disease
7585331529611205903,Q125564,Manx people,R1,many people,Continent with an app - from research to implementation of mobile apps for self-treatment of urinary
7585992142481413679,Q125564,Manx people,R1,many people,S6 kinase 1 and ageing
7588832407735606807,Q125564,Manx people,R1,many people,WIFI Academy for Facility Management
7596845442581928078,Q125564,Manx people,R1,many people,Genomic analysis of malaria resistance
7609616919547726065,Q125564,Manx people,R1,many people,Migration and refugee crisis from the students´ point of view
7617198821180016198,Q125564,Manx people,R1,many people,Reuse and preparation for reuse of fittings from housing renovation
7624636881646801504,Q7325,Jewish people,R1,the news,"Balancing emotions and behaviour - environmental factors, individual differences and the brain"
7633304022087414132,Q125564,Manx people,R1,many people,Embeddings in hypergraphs
7639496198456250152,Q125564,Manx people,R1,many people,'How to Talk Maths in Public' a Conference on Public Engagement
7640960147593127865,Q7325,Jewish people,R1,the news,A complex-systems approach to improve understanding of the biodiversity-landscape structure relation
7641085315687247964,Q125564,Manx people,R1,many people,An explanatory randomised controlled trial testing the effects of targeting worry in patients with p
7646101389582162449,Q125564,Manx people,R1,many people,Preventing Overdiagnosis: A research programme to investigate and respond to the health impacts of e
7650910432680266752,Q125564,Manx people,R1,many people,'Extreme' Citizen Science - ExCiteS
7654861850286898103,Q125564,Manx people,R1,many people,Robust feature extraction for automatic speech recognition
7658307604098481537,Q125564,Manx people,R1,many people,"International: Embedding analysis of seismic hazard and risk for improved welfare in Bishkek, Kyrgyz"
7680650363634660124,Q125564,Manx people,R1,many people,Standardization of Thermal Energy Storage
7681502006947241291,Q125564,Manx people,R1,many people,UKRI CDT in SLT- Conversation-based Virtual Interventions for the Monitoring and Self-management of 
7692577320726538005,Q125564,Manx people,R1,many people,Motivating and Empowering Generations Through ART &amp; SPORT
7697667004295462932,Q7325,Jewish people,R1,the news,Neural-Symbolic Reasoning for the Verification of Complex Claims
7698761884345127309,Q125564,Manx people,R1,many people,A method to efficiently develop vitamin-D enriched mushrooms
7702932823465206782,Q125564,Manx people,R1,many people,Imagining a territory. Constructions and representations of late medieval Brabant
7713805787263511316,Q125564,Manx people,R1,many people,Urban oxidising capacity measurements using inert and reactive tracers
7715292702591567151,Q208551,Laz people,R1,lay people,Strategic Project - UI 721 - 2014
7715577151361764389,Q48199,Sámi people,R2,Same,Queer Narratives: Intimate and Social Lives of Women with Same-Sex Sexual Attractions in Tampere 197
7716628659997784121,Q7325,Jewish people,R1,the news,FinTrust: Trust Engineering for the Financial Industry
7717969497400642392,Q125564,Manx people,R1,many people,Roman Blind Wizard
7722759558592525019,Q125564,Manx people,R1,many people,All Disease Begins In The Gut
7726599221304111452,Q125564,Manx people,R1,many people,Researching the market for urinary continence management products in low income countries
7743470924445105444,Q7325,Jewish people,R1,the news,XR mEdia eCOsystem
7745812229560297920,Q125564,Manx people,R1,many people,Hermetic bonding of biomedical polymers for cardiac-assist devices
7749898341033993911,Q125564,Manx people,R1,many people,A Broad Spectrum of Light: Celebrations for IYL2015
7762771547659601819,Q125564,Manx people,R1,many people,Dissemination and promotion of Czech and Slovak language understanding among secondary school pupils
7771246484497619668,Q7325,Jewish people,R1,the news,Defining Freedom of the Press: A Cross national examination of press ethics and regulation in ten Eu
7778219948545531629,Q125564,Manx people,R1,many people,Thresholds in seascape connectivity: implications for marine resources management in developing coun
7782425710778525141,Q125564,Manx people,R1,many people,MAKING OUR SCHOOLS A BETTER PLACE
7787490999892717060,Q7325,Jewish people,R1,the news,"Political Communication during the Bohemian Revolt and its Defeat between Prague, Dresden, Heidelber"
7790895170954549767,Q125564,Manx people,R1,many people,"Be GIFTED (Granted, Intelligent, Fascinating, Talented, Educated, Dare devils)"
7795105249552726001,Q48199,Sámi people,R2,Same,Driving Efficiency in Same-Day E-Cargo Bike Logistics: Dynamic Dispatch Automation via LLMs
7798095438036436099,Q125564,Manx people,R1,many people,"The Commission will also be assisted by the European Parliament, the Council and the Commission in t"
7798496988218304449,Q7325,Jewish people,R1,the news,Microplastics - tomorrow's macro problem
7802171956170314510,Q125564,Manx people,R1,many people,The Regulatory Importance of SOCS molecules in Th2 Immune Responses and Disease
7809694799791685481,Q125564,Manx people,R1,many people,FARming as an employment opportunity for people with Mild Intellectual Disability
7810670201126273097,Q125564,Manx people,R1,many people,The European Parliament and the Council
7813782843980992144,Q125564,Manx people,R1,many people,Distributed numerical optimal control of unmanned aerial vehicle (UAV) networks
7814747228168763877,Q125564,Manx people,R1,many people,Sustainability through Cross Border Circular Economy (SCRCE)
7819486553849442358,Q7325,Jewish people,R1,the ews,Strategic partnerships and activities for promotion of youth sport work during the European Week of 
7828682225782443035,Q125564,Manx people,R1,many people,"The cornerstones of sustainability - Thinking on a European level, acting on a local level"
7832377462228113547,Q7325,Jewish people,R1,the news,New Employability Within Self-leadership in Music Academic Programs
7843726106843152985,Q125564,Manx people,R1,many people,Uncontrolled asthma and other factors affecting prognosis - Record search from the airway register
7849964914671045481,Q125564,Manx people,R1,many people,Fast Drying Technology
7875898665396211379,Q125564,Manx people,R1,many people,Resisting Saddam: The 1991 Uprising in Iraq and Its Repression
7878806492872419844,Q2656122,Dom people,R1,do people,TECHMANIA SCIENCE CENTER
7879643640768989860,Q48199,Sámi people,R2,Same,"Mechanisms in Development, Plasticity, and Regeneration: Arethe Rules the Same. Symposium in Cincinn"
7883545946149712879,Q125564,Manx people,R1,many people,The cognitive impact of opioids during chronic administration
7883555317077670982,Q125564,Manx people,R1,many people,Cognitive Adult Development - from Research to Application
7884728028730188240,Q208551,Laz people,R1,lay people,Implementing HPV vaccination for boys in Sweden: gender equality and sexual health among young peopl
7890478373008289997,Q48199,Sámi people,R1,same people,A cognitive vaccine for depression: assessment using neurobiological outcomes in experimental medici
7892194596160580440,Q2656122,Dom people,R1,do people,Recycling - A Comparative Study for a Sustainable Future
7893580115544089790,Q7325,Jewish people,R1,the news,The virus expert is international.
7900080412570786692,Q125564,Manx people,R1,many people,Structural connectomes in traumatic brain injury: Can secondary disease progression be stopped and c
7901681811527641672,Q125564,Manx people,R1,many people,Flexible living to Age in Place
7909194099412466033,Q7325,Jewish people,R1,the jets,Black hole accretion and outflows: novel multi-wavelength perspectives
7914422628779884234,Q125564,Manx people,R1,many people,How Do Wallflowers Grow? Development of Shyness and Social Anxiety in the Adolescent Peer Context
7915813820140793834,Q125564,Manx people,R1,many people,"Interactive development of phoneme categorization and word learning ability, a comparison between ty"
7920041946894908745,Q7325,Jewish people,R1,the jaws,Pathophysiologic mechanisms during initiation of medication related osteonecrosis of the jaws
7922417257078994927,Q2656122,Dom people,R1,do people,"The APPLE Tree programme: Active Prevention in People at risk of dementia through Lifestyle, bEhavio"
7944262349822010999,Q208551,Laz people,R1,lay people,"Increased diagnosis of developmental disorders: Are there really more children with Autism, Dyslexia"
7953354621022991059,Q125564,Manx people,R1,many people,The Food Adventure - strengthens children´s eating and counteracts allergies
7956736320203708448,Q125564,Manx people,R1,many people,Exploring and Improving Hearing by Cochlear Implant listeners
7960471139961943028,Q125564,Manx people,R1,many people,Quantum Code Design And Architecture
7961002622150079650,Q125564,Manx people,R1,many people,The lost generation: How a lack of identification of ADHD and autism fails millions of adults
7971987891401310788,Q125564,Manx people,R1,many people,DECIDE - Delivering Enhanced Biodiversity Information with Adaptive Citizen Science and Intelligent 
7977342398736797476,Q125564,Manx people,R1,many people,"RegenVOX. Stem-cell based, tissue engineered laryngeal replacement."
7995226965559075393,Q125564,Manx people,R1,many people,Using the body to calm the mind: An examination of heart rate variability biofeedback as a tool to r
7998667841713919568,Q7325,Jewish people,R1,the news,Abortion in European Mainstream News Media: A Feminist Critical Socio-Cognitive Discourse Study
8026641083421794325,Q7325,Jewish people,R1,the jaws,Gnathostome dental pattern and the evolution of chondrichthyan dentitions
8028331790960683272,Q125564,Manx people,R1,many people,Studying the X-ray Properties and Evolution of Extragalactic Sources Using Deep Multiwavelength Surv
8043198796747200788,Q2656122,Dom people,R1,do people,"Work, Learning and Wellbeing"
8057718735389262271,Q125564,Manx people,R1,many people,Ready Teddy Go!
8058478844991145681,Q125564,Manx people,R1,many people,MICA Investigating CD1c lipid-antigen presentation and its role in tuberculosis
8067587389701192669,Q2656122,Dom people,R1,do people,Do people with disabilities access community-based palliative care services and does this service re
8072112660389901940,Q7325,Jewish people,R1,the news,The Consequences of Non-State Security
8077957487210888050,Q7325,Jewish people,R1,the jets,Collaboration in the ATLAS Experiment at CERN: Data Taking and Analysis
8081948676545778636,Q2656122,Dom people,R1,do people,Regional variation and the commodification of language in southwest France
8084920935728823620,Q7325,Jewish people,R1,the jaws,Pathophysiologic mechanisms of biosphosphonate related osteonecrosis of the jaws
8085081507161714379,Q125564,Manx people,R1,many people,Gene therapy for refractory epilepsy
8086513229228785904,Q2656122,Dom people,R1,do people,Changing Technologies of Feedback and Complaint in the Scottish NHS
8089268942223111644,Q125564,Manx people,R1,many people,The Castleford Heritage Project
8108357305005893112,Q846578,Svan people,R1,scan people,"An investigation of the role of brain amyloid in cognition, brain atrophy and Alzheimer s disease in"
8109206790548471090,Q125564,Manx people,R1,many people,Facing up to the Past: Challenging Histories &amp; Changing Future Conversations at the UK British P
8117048357624798022,Q125564,Manx people,R1,many people,Isometric exercise device with intelligent activity and motion monitoring for healthcare (HealthSwit
8118956125397012932,Q125564,Manx people,R1,many people,The Identification Prediction and Management of Depression in People with Epilepsy
8121793164574165245,Q125564,Manx people,R1,many people,Seeing and thinking: Interplay between externally and internally generated neural representations
8126086401573846663,Q7325,Jewish people,R1,the news,True News straight from the source using Artifical Intelligence
8131926200152438658,Q125564,Manx people,R1,many people,FLAgShIPFLexible Accommodation - Sustainability In Progress. Flexible residential solutions - Concep
8148650297375691527,Q125564,Manx people,R1,many people,Non-Formal Education Activities for the inclusion of people with disabilities
8150486176511559673,Q7325,Jewish people,R1,the news,Countering News Avoidance with Personalized News Formats
8153594298687664663,Q125564,Manx people,R1,many people,Art Bridge
8174609624497272305,Q2656122,Dom people,R1,do people,How do you choose your partners? Experimental evidence on digital link formation
8178055270409140765,Q125564,Manx people,R1,many people,"Healers, healing, and the unofficial medical economy in England and Wales, 1834-1948"
8206144428470551410,Q125564,Manx people,R1,many people,Refugees Welcome- When Numbers become Faces.
8210302502701376062,Q125564,Manx people,R1,many people,Our Colourful World
8212123214224759837,Q2656122,Dom people,R1,do people,PRiMMA: Privacy Rights Management for Mobile Applications
8223042026688624685,Q48199,Sámi people,R2,Same,"Under the Same Sky, open minds and equal rights for all"
8230636543072693679,Q125564,Manx people,R1,many people,Decoding dysfunctional spinal cord circuitry in chronic pain.
8236982359965218233,Q125564,Manx people,R1,many people,Understanding bystander anti-racist action in the context of higher education
8238306186971967525,Q125564,Manx people,R1,many people,Mental health beyond the clinic: Investigating the influence of social context on mental health and 
8250311172896468121,Q125564,Manx people,R1,many people,Insecure lives and the policy disconnect: How multiple insecurities affect Levelling Up and what joi
8250311172896468121,Q2656122,Dom people,R1,do people,Insecure lives and the policy disconnect: How multiple insecurities affect Levelling Up and what joi
8254035537184554563,Q125564,Manx people,R1,many people,Impact of lifestyle on skin barrier health
8254980454501195721,Q7325,Jewish people,R1,the jets,ACCENTO (Active Clearence Contol dEsigN and characTerizatiOn). Advanced investigations on different 
8257123853262541194,Q125564,Manx people,R1,many people,Evaluating the asbestos risk in Sibate
8264765710865704398,Q7325,Jewish people,R1,the news,Theatre - Substantive facilities for amateur theatre
8266494530194737890,Q7325,Jewish people,R1,the news,forskning.se
8268794446142591304,Q7325,Jewish people,R1,the news,Meaning in Language Learning
8277083485845496987,Q125564,Manx people,R1,many people,The underlying mechanisms of aging in the inner ear
8281841310046671457,Q125564,Manx people,R1,many people,Collaboration on science cafés about forests and chemistry during the Researcher´s night event in St
8284551652986102609,Q7325,Jewish people,R5,hebrew,The Planktonic Microbiome of Coral Reefs: Community Structure and Function in the context of Reef He
8284580765778584683,Q125564,Manx people,R1,many people,REbuilding a sense of PLACE (REPLACE): The socio-cultural role of 3D technologies in increasing comm
8296134448341687368,Q125564,Manx people,R1,many people,Empowering Patients by Professional Stress Avoidance and Recovery Services
8297330630113020761,Q7325,Jewish people,R1,the news,Life in Plastic - Is it fantastic?
8297550441765642943,Q48199,Sámi people,R2,Same,Negotiating Intra-ethnic Partnerships and Intra-Generational Conflicts within the Czech Vietnamese D
8299156453181961131,Q125564,Manx people,R1,many people,"Conquering COVID in Construction - a safe, managed return to site for construction workers"
8299523674850207864,Q125564,Manx people,R1,many people,Functional characterisation of a Maurer's cleft protein involved in adhesion of malaria-infected red
8311061641254527989,Q2656122,Dom people,R1,do people,Group Formation under Conflict: An Experimental and Theoretical Study of Causes and Consequences
8315079878974432142,Q125564,Manx people,R1,many people,SHARE-IT: School-Home Research Environment through Intelligent Technologies
8324588278244692068,Q48199,Sámi people,R2,Same,Proximal Effects of Alcohol on Same-Sex Intimate Partner Violence
8343599053776411505,Q48199,Sámi people,R2,Same,Moving forward on STEAM and healthy habits
8359135868598829708,Q2656122,Dom people,R1,do people,"Adult learning, what do people with intellectual disabilities say?"
8359480447366043326,Q208551,Laz people,R1,lay people,"Faith in the town: lay religion, urbanisation and industrialisation in England, 1740-1830"
8365347232151403291,Q125564,Manx people,R1,many people,DAVINC3I Community
8377723424005646272,Q125564,Manx people,R1,many people,AIDA: Allergy Immunotherapy based on Designed Allergens
8380221545510831064,Q125564,Manx people,R1,many people,SupraBAC: Coating Bacteria with Supramolecular Polymers for New Catalysis
8381475985295354948,Q125564,Manx people,R1,many people,Show me what you do and how
8388101780815163138,Q48199,Sámi people,R2,Same,Proximal Effects of Alcohol on Same-Sex Intimate Partner Violence
8393111587096557832,Q2656122,Dom people,R1,do people,Narrating Kinship and Connection: The Life Stories of Adult-Children Raised by LGBTQ Parents
8393983047444362460,Q125564,Manx people,R1,many people,Agrotechology - prosperous agriculture in a learning and nourishing food system
8402062267100524967,Q125564,Manx people,R1,many people,Machine learning to improve multimodal biomarkers in Frontotemporal Dementia
8402771532093990125,Q7325,Jewish people,R1,the jets,Unveiling the physics of radio AGN feedback with LOFAR
8403204110997271572,Q125564,Manx people,R1,many people,Exercise self-management to improve long-term functioning and prevent falls after hip fracture.
8409260673174076377,Q125564,Manx people,R1,many people,Tracking levels of fear for the coronavirus
8411439437545250124,Q125564,Manx people,R1,many people,A game-play based immersive hearing skills training app to improve personal confidence and hearing c
8411832220924660203,Q125564,Manx people,R1,many people,Fostering creative citizens in China through co-design and public makerspaces
8414719961547497179,Q48199,Sámi people,R2,Same,In the same code: peer-to-peer education project in programming and robotics
8421546780244895388,Q125564,Manx people,R1,many people,Defining the microstructural basis of tremor in vivo to identify novel therapeutic targets
8427546098925680213,Q125564,Manx people,R1,many people,Leonardo Guitar Research Project
8436233914829253012,Q125564,Manx people,R1,many people,Interactive computer-based interventions for sexual health promotion
8439750366733220220,Q125564,Manx people,R1,many people,Freebirthing in the UK: The Good Mother Concept and the presentation of results via narrative and ar
8443247900981709783,Q125564,Manx people,R1,many people,Moravian and Silesian towns during the time the communal self-government from 1850 to 1914. Municipa
8443768036473155516,Q48199,Sámi people,R2,Same,BRAIN EAGER: Genetic Access of Neuronal Populations Activated by Two Experiences in the Same Animal
8445823782183379910,Q48199,Sámi people,R2,Same,Does Involving Girls as Designers Result in Girl-Friendly Science Education Software? Comparing Proc
8483062706669930323,Q125564,Manx people,R1,many people,Proteome and polysaccharidome of Aspergillus fumigatus in early stage of infection
8489483909664447435,Q125564,Manx people,R1,many people,IMProVE 2:0 - Inclusive Methos in Professional Volunteering in Europe
8500231492008289783,Q125564,Manx people,R1,many people,Approaches for Creating Clinical Evidence of treatment effects in routine Populations excluded from 
8500569230936082434,Q2656122,Dom people,R1,do people,Negotiating Changes in Friendships in the Context of Dementia
8504569968743055720,Q125564,Manx people,R1,many people,Re:meat - cultivated beef
8504569968743055720,Q48199,Sámi people,R2,Same,Re:meat - cultivated beef
8508692626350610827,Q2656122,Dom people,R1,do people,Bringing Identity into the Clinic: Investigating Identity Negotiation in Psychosis
8514070431318163155,Q7325,Jewish people,R1,the news,Seminar on Science and the News
8536294349073543937,Q125564,Manx people,R1,many people,Making it happen - Increasing access to diagnosis and treatment for tuberculosis
8536294349073543937,Q7325,Jewish people,R1,the hews,Making it happen - Increasing access to diagnosis and treatment for tuberculosis
8542989972120757212,Q125564,Manx people,R1,many people,The cultural politics of the Greek crisis
8546447396051935742,Q208551,Laz people,R1,lay people,Strategic Project - UI 314 - 2011-2012
8546702426935344605,Q125564,Manx people,R1,many people,Tipjar StaffSaviour: piloting a contactless IoT tipping device and software platform for the hospita
8548189780238251539,Q48199,Sámi people,R1,same people,Bringing Innovative Research Methods to Clustering Analysis of Multimorbidity (BIRM-CAM)
8551620977089654401,Q125564,Manx people,R1,many people,Adding value in resource effective food systems
8557087497253454666,Q125564,Manx people,R1,many people,Happiness at School
8560909066446279641,Q2656122,Dom people,R1,do people,Decolonising the Museum: Digital Repatriation of the Gaidinliu Collection from the UK to India (DiMu
8581368772070022681,Q125564,Manx people,R1,many people,DIGITALISE ME: Upgrading Older Adults’ Digital Competences to improve their social inclusion/develop
8591111305853898117,Q2656122,Dom people,R1,do people,Research Proposal
8595849672794138622,Q125564,Manx people,R1,many people,Remembering 1960s British Cinema-going
8605160480857892020,Q125564,Manx people,R1,many people,Simple cognitive behavioural treatment of the symptoms of trauma in first episode psychosis
8607717103976552628,Q7325,Jewish people,R1,the news,Boosting trust in online media by instantly informing users about conflicts of interest
8628444281430125372,Q125564,Manx people,R1,many people,"Facilitating a three way engagement between study communities, policy makers and researchers in stro"
8633297417212245736,Q125564,Manx people,R1,many people,Understanding how chromatin organisation facilitates DNA virus persistence and innate immune system 
8648240458467859960,Q125564,Manx people,R1,many people,It depends: Exploring the role of context in subjective experiences of social media-enabled harms
8648878134727972694,Q7325,Jewish people,R1,the news,Fake news detection in social networks using geometric deep learning
8652447747025247891,Q208551,Laz people,R1,lay people,Materials in a circular society
8655198107913617448,Q125564,Manx people,R1,many people,RefLeX - Professionalization in adult education concerning refugee experiences and learning disabili
8657199609010200607,Q125564,Manx people,R1,many people,Tailocins: Novel custom-made antimicrobials targeting Gram-negative bacteria
8669104679023224759,Q125564,Manx people,R1,many people,Towards precision education: Idiographic learning analytics (TOPEILA)
8676898207892538703,Q7325,Jewish people,R1,the news,The Brexit effect in media coverage: how the intra-party democracy counters the rise of European pop
8680427768768449084,Q125564,Manx people,R1,many people,Co-designing web-based psychoeducational resources for relatives of people with suicidal behaviour
8682297489496742750,Q7325,Jewish people,R5,hebrew,"Travel to Attend 15th Biennial World Congress, InternationalFederation of Landscape Architects, Ista"
8683168335426879477,Q125564,Manx people,R1,many people,Intelligent Matching Algorithm (Android)
8685893067929692633,Q125564,Manx people,R1,many people,Sprites - Electrodynamic coupling between the atmosphere and the ionosphere
8687829254256002295,Q125564,Manx people,R1,many people,Empowering Mathematics Acquisition Through Handy Softwares
8688868534485909154,Q2656122,Dom people,R1,do people,Computational development economics Applying ML to the multiple avoidance mechanism problem: willing
8700282377204236741,Q7325,Jewish people,R1,the news,The biased reality of online media - Using stereotypes to make media manipulation visible
8712032088611275321,Q125564,Manx people,R1,many people,‘3rings Smart Plug
8721159407571925052,Q7325,Jewish people,R1,the jets,A Programme of Astrophysical Research at Leeds
8722891922111968727,Q7325,Jewish people,R1,the news,Exploring the dimensions of belonging and identity amongst Spanish-born Africans
8729910556126852719,Q125564,Manx people,R1,many people,STAY IN SCHOOL
8731287722872774177,Q7325,Jewish people,R1,the news,Experimental Particle Physics Consolidated Grant 2019-2022
8737351384871785601,Q125564,Manx people,R1,many people,Why are people with eating disorders reluctant to engage with treatment services?
8756003225808361987,Q125564,Manx people,R1,many people,Households and Enslavement in the Seventeenth-Century Dutch Empire
8765653171497322543,Q125564,Manx people,R1,many people,Application for Strategic Equipment: Wafer Bonder at LCN
8777924452680740725,Q125564,Manx people,R1,many people,Evolution of cooperation without iterations and without relatedness: strategic behaviour in public g
8780837755169717018,Q125564,Manx people,R1,many people,Pharmacokinetic and pharmacodynamic studies of the newer immunosuppressants
8781326859382963889,Q125564,Manx people,R1,many people,Virtually Present and Engaged: A toolkit for a virtual museum
8813415215495271814,Q125564,Manx people,R1,many people,Structural Basis of Femoral Neck Strength
8815483985240988149,Q7325,Jewish people,R1,the jes,Use of Starbons (R) to capture and convert CO2
8817645903737043191,Q48199,Sámi people,R2,Same,Self Healing cast cured energetic materials
8822402572856471259,Q48199,Sámi people,R2,Same,Deaf Adults as Role Models for the Hearing World: Links of the Same Chain
8828019633869890477,Q7325,Jewish people,R1,the jaws,Gnathostome dental pattern and the evolution of chondrichthyan dentitions
8831930656886485452,Q7325,Jewish people,R1,the news,The tensions of neoliberal democracy and the role of the news media: The case of Chile
8833454867909734012,Q125564,Manx people,R1,many people,BPSD-CARE: A person-centred approach to managing behavioural and psychological symptoms of dementia 
8845190142055304383,Q125564,Manx people,R1,many people,Depollution of air using polymer-based coatings
8848496768443366649,Q7325,Jewish people,R1,the news,"The news as an educational tool for youths: How can youth communities, schools, families and news me"
8863707992694268151,Q125564,Manx people,R1,many people,Overcoming the Era of #FakeNews: A Contingency Learning Approach
8887762034486059987,Q125564,Manx people,R1,many people,An interdisciplinary ageing alliance: cellular metabolism over a life-course in socioeconomic disadv
8888967828162968630,Q2656122,Dom people,R1,do people,Decision making in Web searching: what do searchers look at and why?
8896521200077481457,Q48199,Sámi people,R1,same people,Platform technology for powering industrial IoT systems with energy from equipment vibrations
8906771432553706852,Q125564,Manx people,R1,many people,Helping individuals recover from interpersonal transgressions: An intervention to promote forgivenes
8925634308917673037,Q125564,Manx people,R1,many people,"Internet of Second Hand Things: Object biographies, consumption pathways and re-valuing goods."
8936233620154016270,Q125564,Manx people,R1,many people,Planetary Science at Kent 2019 - 2022
8944555319310907575,Q125564,Manx people,R1,many people,"The Sublime Object: Nature, Art and Language"
8949702513712672430,Q125564,Manx people,R1,many people,Melatonin as a novel neuroprotectant in preterm infants
8959721865039233998,Q125564,Manx people,R1,many people,A UK/Canada Collaboration on the genetics of long-term diabetes complications and their risk factors
8963231914640182368,Q125564,Manx people,R1,many people,The invisible: innovative technology and non-formal digital training to achieve inclusion of homeles
8968593327125806645,Q125564,Manx people,R1,many people,Benchmarking Synergy Levels to Encourage International Standards of Sustainability for Metadesign
8968646371960232117,Q125564,Manx people,R1,many people,Assessment of remote ischemic conditioning on post-cardiac arrest myocardial dysfunction by magnetic
8975411666685604797,Q125564,Manx people,R1,many people,New Tools for Health
8975967834631047477,Q2656122,Dom people,R1,do people,Perceived threats and 'stampedes': a relational model of collective fear responses
8995009565867382089,Q48199,Sámi people,R1,same people,MotivaMaths+
9009770554350999225,Q48199,Sámi people,R2,Same,Aging and Cancer: Two Sides of the Same Coin?
9012077027357178809,Q125564,Manx people,R1,many people,Cherednik Algebras at Infinity
9012079126885993923,Q125564,Manx people,R1,many people,Neurocognitive signatures predicting risk of recurrent depression
9016324260089722643,Q125564,Manx people,R1,many people,Unravelling pornographic stereotypes: A new theory and methods for understanding why so many people 
9035450872139261965,Q125564,Manx people,R1,many people,Targeting collagen cross-linking to improve scar appearance
9038624408763496417,Q208551,Laz people,R1,lay people,Improving maternal mental health in South East Asia through assets based approaches.
9040762010490919414,Q125564,Manx people,R1,many people,Prediction of Cognitive and Brain Trajectories in Bipolar Disorder: A 10-year Neurobiological Study 
9042736463060021876,Q48199,Sámi people,R2,Same,Is Gender Essentialism Everywhere the Same? The Underlying Worldwide Structure of Occupational Sex S
9042833572596286775,Q48199,Sámi people,R2,Same,Reverse Engineering for Vocational Education and Training
9058928629213933265,Q125564,Manx people,R1,many people,Creative practices for Adult educators who support Learners for a better Mental well-being
9062405418979635438,Q2656122,Dom people,R1,do people,"From natural to conventional word order: iconicity, simplicity and the mechanisms of linguistic evol"
9063282690499628629,Q208551,Laz people,R1,lay people,Centre for Cognitive Ageing &amp; Cognitive Epidemiology
9068552301688886254,Q125564,Manx people,R1,many people,"A Miscalculated Bet: Business, Human Rights and the Battle against Global Poverty"
9085839402299069133,Q125564,Manx people,R1,many people,WELLNESS THROUGH HERITAGE HANDICRAFTS
9100739612770405478,Q2656122,Dom people,R1,do people,Beyond rational expectations
9101289246074395394,Q2656122,Dom people,R1,do people,Assessing the value of freedom: an experimental approach
9104071754627718588,Q125564,Manx people,R1,many people,Working hard; hardly working
9117734203320911637,Q2656122,Dom people,R1,do people,A Legal Anthropology of Personality Disorder
9150785223996847267,Q125564,Manx people,R1,many people,National Astronomy Week 2014: Target Jupiter
9150967546071017880,Q125564,Manx people,R1,many people,Late-stage Functionalisation of Drug-like Scaffolds by Electrochemically- generated Free Radicals
9163095319324931246,Q125564,Manx people,R1,many people,LEARNING TO SLEEP: INCREASING HEALTH THROUGH BETTER SLEEP
9168594215707055107,Q125564,Manx people,R1,many people,Discovery Projects - Grant ID: DP150102539
9176000990656727713,Q125564,Manx people,R1,many people,"Disability, wage and protective work: experience of jobseekers"
9180390530644775560,Q125564,Manx people,R1,many people,The SIGNAL Trial: Steroids in ImmunoGlobulin A Nephropathy: Assessment of Long term outcomes
9182043219659936935,Q125564,Manx people,R1,many people,GM Diabetes My Way
9188938163031097276,Q125564,Manx people,R1,many people,Extending Reach: Fevered Sleep’s Experiments in Public Engagement
9189489834766631374,Q7325,Jewish people,R1,the jaws,Defining the transcriptome in Osteonecrosis of the Jaws
9197360114517568004,Q125564,Manx people,R1,many people,The Role of Bone Morphogenetic Proteins in the Pathogenesis of Pulmonary Hypertension
9199527726363564631,Q125564,Manx people,R1,many people,Metabolic regulation of tissue destruction in tuberculosis.
9200435337443570160,Q125564,Manx people,R1,many people,MUSICAL BOUNCE BACK - Promoting the Role of Women in Music and Connecting for a new Pedagogy
9207947705325356901,Q7325,Jewish people,R1,the news,STFC PPRP Capital Equipment Call 2018
9208476443012828336,Q125564,Manx people,R1,many people,Digital Internationalisation in Vocational Education
9208997743236730015,Q125564,Manx people,R1,many people,Client centred palliative rehabilitation: An evaluation of its efficacy
9213986508007848196,Q125564,Manx people,R1,many people,Prediction of Adolescent meNtal healTH from Electronic health Records (PANTHER)
9220461505542865062,Q125564,Manx people,R1,many people,"Consortium on Risk in the Environment: Diagnostic, Integration, Benchmarking, Learning and Elicitati"
9221296496516664996,Q125564,Manx people,R1,many people,Chronic HBV in Kilifi Adults: A study using biomarkers and viral sequencing to inform monitoring and
9238768449074935531,Q7325,Jewish people,R1,the news,Public dynamics of the coronavirus crisis How do citizens and experts assess the performance of the 
9240705468014331761,Q7325,Jewish people,R1,the news,Healthcare Professionals as Witnesses: What the Data Reveals about Historical and Contemporary Ways 
9253842744159887329,Q125564,Manx people,R1,many people,"Incidence, prevalence, harms and intervention effects for problem and injecting drug use: crime, mor"
9256254805920223310,Q125564,Manx people,R1,many people,Ex-Vivo Epidermis Model to Identify Clinically Relevant Treatment Targets in Inflammatory Skin Disea
9260684868390033575,Q125564,Manx people,R1,many people,The Discourse of Reading Groups
9271640289705896421,Q48199,Sámi people,R2,Same,"Same-Sex Partnering in Germany. Prevalence, Trends and Social Conditions"
9284712232026376142,Q125564,Manx people,R1,many people,Centre for Early Mathematics Learning
9298312851702300550,Q125564,Manx people,R1,many people,"The Ethics of Domestication; a new, contextualist perspective on problems encountered in the human-a"
9309865616977181053,Q125564,Manx people,R1,many people,"Organising food differently: investigating 'alternatives', dietary change and sustainable food futur"
9325576856237950011,Q125564,Manx people,R1,many people,Neurosteroids and the central actions of alcohol
9326825240662983573,Q7325,Jewish people,R1,the news,Promoting equality through gender sensitive journalism and blogging
9327203056341728030,Q125564,Manx people,R1,many people,GHOST TOUCH: A retrofittable system to make public touchscreens contactless for a post-Covid world
9329310555258724031,Q125564,Manx people,R1,many people,Multi-centre Randomised Controlled Trial of Collaborative Care for Depression
9354456000489471436,Q7325,Jewish people,R1,the news,"Anglia Television at the East Anglian Film Archive: A Catalogue of the Collection, 1959 to 2000"
9376240047114684256,Q125564,Manx people,R1,many people,An Economical AI for Diabetes Management
9381041155593591315,Q125564,Manx people,R1,many people,International Science Festival Gothenburg
9382118484211018413,Q125564,Manx people,R1,many people,2023 EIT Food Activities - 21015-23 Digital Learning (MOOC)
9386297216194725449,Q48199,Sámi people,R2,Same,Same day embryo viability sensor for high throughput embryo transfer selection
9390935562148248057,Q48199,Sámi people,R2,Same,Levonorgestrel IUD for Emergency Contraception & Same-Day Start Study
9391751144806143332,Q125564,Manx people,R1,many people,Lentivirus-mediated gene transfer to the eye
9409601834772335118,Q125564,Manx people,R1,many people,"Cerebral Blood Flow Imaging - Towards an Efficient, Automated Assay of Ongoing Pain and its Treatmen"
9438634132721077668,Q7325,Jewish people,R5,hebrew,"Revolutionary, cost effective, spatially efficient, proton therapy system for cancer treatment."
9438849056441926723,Q125564,Manx people,R1,many people,Missing data imputation in clinical databases: development of a longitudinal model for cardiovascula
9446518317687558440,Q7325,Jewish people,R1,the news,Misinformation
9452214330517042241,Q125564,Manx people,R1,many people,"Yes, women can! Don't be afraid!!"
9453261219516863867,Q7325,Jewish people,R1,the jets,"Coherent structures in baroclinic turbulence: jets, eddies and their influence on ocean circulation"
9453937995053244305,Q125564,Manx people,R1,many people,Wellcome Trust Engagement Fellowship
9454659672951760898,Q125564,Manx people,R1,many people,Break Bullying Barriers
9466757840630388957,Q2656122,Dom people,R1,do people,"Justice Interactions and Peacebuilding: From Static to Dynamic Discourses across National, Ethnic, G"
9470053111757538637,Q125564,Manx people,R1,many people,"Predicting treatment response to onabotulinumtoxin-a in MS-related tremor: a combined clinical, elec"
9470219163870110474,Q125564,Manx people,R1,many people,Personalised social marketing of multi-dimensional physical activity profiles in at risk men &amp; w
9495736947005277810,Q125564,Manx people,R1,many people,The contribution of cultural ecosystem services to trade-offs between human well-being and biodivers
9500550374685685434,Q125564,Manx people,R1,many people,SwiftCare - INFORMATION SYSTEMS for HEALTH &amp; WORK
9503278185881585482,Q7325,Jewish people,R1,the news,Cross Disciplinary Thinking about 'Antisocial Personality Disorder'.
9515985810758650569,Q125564,Manx people,R1,many people,GDPRism - Practical data protection in further education and projects - An upskilling pathway for eu
9519784747125110747,Q125564,Manx people,R1,many people,Living languages &amp; living heritage
9539336950578328266,Q125564,Manx people,R1,many people,Hidden Values in Paper and Board Mills Process Data -- HiValueMill
9541081850153467418,Q125564,Manx people,R1,many people,Music and Technology - Innovation and collaboration creates new opportunities
9545372296194269471,Q7325,Jewish people,R1,the news,The hidden power of grammar: a mixed-methods study of media discourses on climate change protests an
9551225807562993613,Q7325,Jewish people,R1,the news,Social Media: Measuring Effects and Mitigating Downsides
9552015896173920187,Q125564,Manx people,R1,many people,Development of practice-based pharmacist-led management of chronic pain in primary care for evaluati
9552667177984055687,Q7325,Jewish people,R1,the news,Defining Freedom of the Press: A Cross national examination of press ethics and regulation in ten Eu
9554798511916311066,Q7325,Jewish people,R1,the news,YOU-TOPIA
9563395545782313527,Q125564,Manx people,R1,many people,The Human Allergen Atlas: High-Throughput Epitopic Characterization of Allergens
9566993077928338265,Q125564,Manx people,R1,many people,Genealogy of conspirituality in 20th-century Latvia
9575970355897743807,Q208551,Laz people,R1,lay people,Fragments of Medieval London: Visual Culture through the Museum of London's Archaeological Collectio
9601316055348806813,Q125564,Manx people,R1,many people,My Insanity
9601316055348806813,Q7325,Jewish people,R1,the news,My Insanity
9604888926361220448,Q125564,Manx people,R1,many people,European Digitalised Idioms Or Sayings
9605220903485919365,Q125564,Manx people,R1,many people,Associate Professor - Jack Julian James Jenkins Miller - Metabolic Imaging in Gynaecology (MIG)
9606382219489310267,Q125564,Manx people,R1,many people,Behaviour-Smart community for Tourism
9609781697592407943,Q48199,Sámi people,R2,Same,SGER: Same-Age Unrelated Siblings: A Unique Test Within- Family Environmental Influences
9616992846917089305,Q208551,Laz people,R1,lay people,Newton STFC-NARIT; Data Flow and Archiving for Robotic Operations Present and Future
9625828759086083597,Q7325,Jewish people,R1,the news,Television framing of the 2014 Scottish independence referendum.
9627793802421171842,Q7325,Jewish people,R1,the news,Hospital to Home; an Extension into Intermediate Care and Universal Interoperability
9629713778968451832,Q7325,Jewish people,R1,the jaws,"Nature of the beast? Resolving drivers of prey choice, competition and resilience in wolves"
9634298038944380663,Q7325,Jewish people,R1,the news,HEROES: Helping the Earth Restore Order through Environmental Sustainability
9640128349715991596,Q125564,Manx people,R1,many people,Alternative Ways to Learn a Second Language
9640642356701292367,Q7325,Jewish people,R1,the news,Centre for Global Higher Education 2024-2029
9644385566245664772,Q125564,Manx people,R1,many people,digiDozent - the way to a universal digital lecturer and organizer of educational activities
9646950045554356284,Q7325,Jewish people,R1,the jets,On the maximum energy of particles accelerated in astrophysical jets
9651887065265560866,Q125564,Manx people,R1,many people,Outnumbered - Being Quantified Through School Grades in Germany
9656072162954205968,Q125564,Manx people,R1,many people,Challenging the urban norm; Rural roads as a resource for sustainable transition
9657077083404539649,Q2656122,Dom people,R1,do people,Do people with severe traumatic brain injury benefit from making errors? A clinical trial of the eff
9668878693353549618,Q125564,Manx people,R1,many people,“How should forest be set aside for conservation purposes in the best way?” Popular science publicat
9683576055968131584,Q125564,Manx people,R1,many people,Psychosocial: The effectiveness of an intervention focusing self-stigma among people with severe men
9686223928645010324,Q7325,Jewish people,R1,the news,Innovative Practices in Renewable Energies to Improve Rural Employability
9705834153953780843,Q125564,Manx people,R1,many people,Integrated framework for adult education providers to support social inclusion for learners with hea
9711529969169313405,Q125564,Manx people,R1,many people,Cosmic Chronicles: Modern astronomy seen through stories from history and culture
9718775509468855765,Q125564,Manx people,R1,many people,Supporting and Enhancing Common Humanistic Values and Basic Sufficiencies to Refugees on the way of 
9721730935602818199,Q2656122,Dom people,R1,do people,"Research on Creative, Innovative and Sustainable Practices to get adults (back) in touch with herita"
9721919997913434519,Q125564,Manx people,R1,many people,Wind power conflict of interest: residential housing and socioeconomy
9723168992698942479,Q125564,Manx people,R1,many people,International focus on global challenges
9729982783900108959,Q125564,Manx people,R1,many people,Medical and biological significance of exhaled M. tuberculosis detected by community level face mask
9732135693106241814,Q125564,Manx people,R1,many people,Smart Augmented and Virtual Reality Marketplace for Furniture Customisation
9733938968012617684,Q125564,Manx people,R1,many people,Cooperative and Integrated Learning through Traditional Words of Wisdom
9740078566445464854,Q125564,Manx people,R1,many people,Dose rationale for antibiotic combination therapy in infection diseases
9743840782290008793,Q48199,Sámi people,R2,Same,Understanding the mechanisms that regulate cytoplasmic capping and defining itscontributions to post
9758097672551307973,Q125564,Manx people,R1,many people,A new perspective on human judgement and decision making as optimal: A framework for behaviour chang
9767473236071876100,Q7325,Jewish people,R1,the jets,The dynamics of jets in geophysical turbulence
9772058915882300064,Q125564,Manx people,R1,many people,Developing International Experience for Students through Virtual Mobility
9787676769151561834,Q125564,Manx people,R1,many people,Unlock PsA: Stratifying the Impact of Psoriatic Arthritis in Children and Adults
9791330723347974536,Q125564,Manx people,R1,many people,Investigating the mechanisms in sympathetic neurons that link sleep to obesity
9792159674356863793,Q125564,Manx people,R1,many people,Investigation of pharmacological modulation of respiratory control using functional magnetic resonan
9801170482665381476,Q125564,Manx people,R1,many people,Supporting Personal Recovery: Testing a Narrative Identity Intervention
9813630079554218152,Q48199,Sámi people,R2,Same,We Share the Same Moon
9816017058175343456,Q2656122,Dom people,R1,do people,Why do people from different cultures think differently? Explaining cultural variation in psychologi
9823563302370936842,Q48199,Sámi people,R2,Same,Innovating teaching ideas and methods for the 21st century
9829821431623444694,Q125564,Manx people,R1,many people,REDucing Delays In aneurysmal Subarachnoid Haemorrhage: the REDDISH study
9830683609299845629,Q125564,Manx people,R1,many people,Newcomers in the kitchen
9844615511922957039,Q125564,Manx people,R1,many people,Beyond fifty five - Creative opportunities for people in transition
9848492683608022161,Q125564,Manx people,R1,many people,Feasibility Study: Integrating Games-Based Learning and Computational Modelling to Control MRSA.
9849357229586853389,Q125564,Manx people,R1,many people,"The webs of copyright in countries of the global South: political economy, cultural commodification,"
9851480710890663377,Q125564,Manx people,R1,many people,Structural and functional fronto-hippocampal maturation and neurodevelopmental outcome following ver
9859013146042247953,Q125564,Manx people,R1,many people,"MIRACLE SCARVES - Mindfulness, Respect, Attitude, Citizenship, Languages, Social Competence, Arts an"
9859859620935723620,Q48199,Sámi people,R2,Same,The All-or-Nothing Marriage? Marital Functioning and Health Among Individuals in Same and Different-
9862776487123645124,Q48199,Sámi people,R2,Same,INTERSECTIONAL POLITICS OF QUEER ACTIVISM AND FEMINISM IN NIGERIA
9898941283644738729,Q125564,Manx people,R1,many people,Freedom Citizenship Ecology
9899535184173840207,Q125564,Manx people,R1,many people,Targeting collagen cross-linking to improve scar appearance
9901795488357712809,Q2656122,Dom people,R1,do people,"Financial Insecurity in the UK: Debt, Decision Making and Resilience Amongst Low Income Families"
9913640479051235444,Q125564,Manx people,R1,many people,Women on Wheels
9914023787031788498,Q48199,Sámi people,R1,same people,MUSIC FOR PEACE
9914595495273551869,Q125564,Manx people,R1,many people,"The REDD Game: A didactic tool for designing effective, efficient and equitable policies to deliver "
9916682858216599466,Q125564,Manx people,R1,many people,"Revolutionising health service delivery for musculoskeletal disorders through discovery, simplifying"
9916822375251599428,Q2656122,Dom people,R1,do people,"How do people choose between self-care, supported self-care and GP consultation in minor illness?"
9921789117048444144,Q125564,Manx people,R1,many people,Linkage Projects - Grant ID: LP150100089
9936030060789389134,Q125564,Manx people,R1,many people,"Smart, User-friendly, Interactive, Tactual, Cognition-Enhancer that Yields Extended Sensosphere - Ap"
9939819111761478327,Q125564,Manx people,R1,many people,Feeding the world in 2050 : aquatic resources
9946505595348907355,Q125564,Manx people,R1,many people,Eracismus - a Common European Project of Tolerance
9949296108343141521,Q2656122,Dom people,R1,do people,How Do People Know Each Other? Counting the Uncountable
9960560380774937262,Q125564,Manx people,R1,many people,Partial certification in the field of event technology
9962261875384607505,Q208551,Laz people,R1,lay people,FOOD AND RISK: RESEARCHING LAY PERCEPTIONS AND MEDIA REPRESENTATIONS
9966384905824033654,Q125564,Manx people,R1,many people,Identifying Depression Early in Adolescence (IDEA) King's-Brazil-Nepal-Nigeria network
9968452445323971401,Q125564,Manx people,R1,many people,Non-invasive Electrical Stimulation to Augment Human Peripheral Nerve Regeneration in Carpal Tunnel 
9969942239457759735,Q7325,Jewish people,R1,the ews,"The interface of transcription, DNA damage and epigenetics: A therapeutic vulnerability of the EWS-F"
9991749394577298989,Q7325,Jewish people,R1,the jets,Jet impact in galaxy groups and clusters via LOFAR extragalactic surveys
10006480230887553692,Q125564,Manx people,R1,many people,Shiftwork and Health: optimal timing of meals and physical activity
10023157883320749544,Q2656122,Dom people,R1,do people,⁇ What you say is what you are. ⁇ Civic scientists study professional language variation.
10061732039750202268,Q125564,Manx people,R1,many people,Life Skills for Europe
10068745582733594969,Q125564,Manx people,R1,many people,Binaural hearing and bilateral management
10071777058278054173,Q2656122,Dom people,R1,do people,"Digital Wildfire: (Mis)information flows, propagation and responsible governance"
10071859164591761631,Q125564,Manx people,R1,many people,The life-cycle effects of student debt
10087052560660888151,Q125564,Manx people,R1,many people,E!10203 Hands4All Prevas
10088598489323978496,Q2656122,Dom people,R1,do people,Breaking Bad … pathways: Redirection of compensatory motivation in pro-social directions
10088768144281125416,Q7325,Jewish people,R1,the jes,"High Radiation Tolerant, High Yield, Silicon Detector Designs for Large Volume Trackers at the Super"
10090213493400559657,Q7325,Jewish people,R1,the news,Education Out of the Box
10090400873162480632,Q125564,Manx people,R1,many people,Home-based speech treatment for Parkinsons Disease via telerehabilitation : clinical and economic ou
10094899914088676473,Q125564,Manx people,R1,many people,Optimising Wellbeing during Self-isolation (OWLS)
10095199548674205723,Q125564,Manx people,R1,many people,Smart and intuitive osseointegrated transfemoral prostheses embodying advanced dynamic behaviors
10101357660495472740,Q125564,Manx people,R1,many people,Erasmusplus for Future
10102239007333313116,Q125564,Manx people,R1,many people,Bio-inspired materials for fish spoilage control
10103342335026482009,Q48199,Sámi people,R2,Same,"Same, same, or different? Mechanisms of Parental Care Between Sexes"
10105409144774262158,Q125564,Manx people,R1,many people,STEM+A (story telling)
10126931132455298294,Q125564,Manx people,R1,many people,What contributes to regional vulnerability in neurodegenerative diseases? A study of familial cases.
10132831193175895088,Q125564,Manx people,R1,many people,Sustainable Living in the EU
10132831193175895088,Q7325,Jewish people,R1,the news,Sustainable Living in the EU
10136000357262418252,Q7325,Jewish people,R1,the ews,Elucidation of New Phosphorylation Site of the EWS/ATF1 Fusion Oncoprotein in Clear Cell Sarcoma
10151295028595643498,Q208551,Laz people,R1,lay people,Public involvement in suicide prevention: understanding and strengthening lay responses to distress
10167653261349488297,Q125564,Manx people,R1,many people,BPSD-CARE: A person-centred approach to managing behavioural and psychological symptoms of dementia 
10193600907556039580,Q125564,Manx people,R1,many people,Innovative educational intervention for safe sexual and reproductive health
10205087046787241628,Q125564,Manx people,R1,many people,Humanising the Healthcare Experiences of People with Learning Disabilities and/or Autism
10211322318536862275,Q125564,Manx people,R1,many people,Custom cameras for science and industry
10211405021275483217,Q125564,Manx people,R1,many people,Topological Protection and Non-Equilibrium States in Strongly Correlated Electron Systems
10212852135428883891,Q125564,Manx people,R1,many people,Understanding Origins at the Open University (UO@OU)
10216594038307425108,Q125564,Manx people,R1,many people,Delegating decisions: An overlooked way of pursuing immoral goals
10216654127977662785,Q125564,Manx people,R1,many people,Development of dendritic signal processing in the brain: a role for GABAergic interneurons?
10223796704684777077,Q125564,Manx people,R1,many people,"Who left those footprints here, who followed those footprints!"
10237913418089538818,Q7325,Jewish people,R1,the news,Data-driven news production
10243745514486480599,Q7325,Jewish people,R1,the news,VIRGiN: VIrtual Reality reGional News
10254053369147137028,Q125564,Manx people,R1,many people,Open Realtime Data
10263496175307654799,Q125564,Manx people,R1,many people,SANDPIT - Bespoke: increasing social inclusion through community journalism and bespoke design
10264131342825299751,Q2656122,Dom people,R1,do people,Doctoral Dissertation Research in DRMS: How Do People Value Life in Health Care Allocation? Inconsis
10270783313677388220,Q2656122,Dom people,R1,do people,The Malmö Individual and Neighbourhood Study - MINDS.
10277445471138311852,Q125564,Manx people,R1,many people,Encouraging the unemployed into sustained work: experimental evidence from the UK and the US
10291021983964747940,Q125564,Manx people,R1,many people,Identifying novel strategies to restore the microglial homeostatic phenotype and modulate neuroinfla
10299157008025756283,Q125564,Manx people,R1,many people,The role of public libraries in Glasgow Communities in the 21st Century
10299716818442048899,Q125564,Manx people,R1,many people,App for mentoring and mental health support for the LGBT+ community
10304880479101099240,Q48199,Sámi people,R2,Same,ICT+Robotics+Ethics Choice of Educational Material and Subjects in Non Formal Learning Environmentre
10308458526864181995,Q7325,Jewish people,R1,the news,8 Strings To Our Bows
10318268623480538061,Q125564,Manx people,R1,many people,Engineering cereal immunity using structure-guided design of effector/host interactions.
10319098842091865700,Q208551,Laz people,R1,lay people,Public Service Interpreting for healthcare and support for language equity: a comparative evaluation
10322693986443850822,Q48199,Sámi people,R1,same people,How political crises polarize: the role of news media sources in aligned opinion networks
10323480543745527553,Q125564,Manx people,R1,many people,Effective immunotherapy for HPV associated cervical cancer precursor lesions
10329930092341255458,Q7325,Jewish people,R1,the news,Nanowave - Covid-19 Hospital decontamination using UV light
10335633148086913165,Q125564,Manx people,R1,many people,"""“TRAIN THE UNKOWN TRAINER"""" How to improve and standardize training offers of the churches concerni"
10342316387061660606,Q125564,Manx people,R1,many people,A European green goal: clean energy and environmental sustainability against climate change
10344529596988548381,Q7325,Jewish people,R1,the news,Demonstrating the potential for portable detection of bird flu.
10351408069962235564,Q7325,Jewish people,R1,the news,Deep Learning for Classification of Astronomical Archives
10373330131916080166,Q125564,Manx people,R1,many people,New Apprenticeship Standards: company driven apprenticeship standards
10378754180309105428,Q125564,Manx people,R1,many people,Photography as Political Practice in National Socialism
10384217526433015834,Q125564,Manx people,R1,many people,Risk Management in the Personal Financial Services Sector
10386708144614769214,Q7325,Jewish people,R1,the news,Search for very light WIMP's with gaseous spherical detector
10400194950263097091,Q7325,Jewish people,R1,the news,Can we handle the news? Recording history through daily news streams
10402460564123735780,Q7325,Jewish people,R1,the news,"Threats to infrastructures: consolidation, collaboration and future orientation"
10402860862843029583,Q125564,Manx people,R1,many people,Let's Learn How to Learn! - Learning skills development for secondary school students
10412001233253226462,Q125564,Manx people,R1,many people,112 : Can I help you ?
10417840988586769561,Q125564,Manx people,R1,many people,"""""""(De-)Construction of media reality in the context of current migrations presented by film and on "
10438974202132147389,Q125564,Manx people,R1,many people,Antenatal Couples' Counselling in Uganda (ACCU)
10448438062024521079,Q125564,Manx people,R1,many people,The Film Lab
10454670361861518945,Q48199,Sámi people,R2,Same,Same but different
10467934539199814668,Q2656122,Dom people,R1,do people,"Exploring the adoption, maintenance, and transmission of pro-environmental behaviour among moralised"
10470408064706048700,Q125564,Manx people,R1,many people,"MB4.0, 4th symposium of the KNVM and NBV Microbial Biotechnology sections"
10474904819778323020,Q7325,Jewish people,R1,the news,Understanding the permafrost and methane question
10486533806283632294,Q125564,Manx people,R1,many people,Developing Engaging European Pleasure Learning
10486765223191882182,Q125564,Manx people,R1,many people,Discovery Projects - Grant ID: DP200100492
10491759188129190118,Q125564,Manx people,R1,many people,NEutral Data host for UNcrewed Avitation
10519844441133331750,Q125564,Manx people,R1,many people,Global Citizenship in Higher Education: Evolving Policy and Practice from a Comparative Perspective
10526951164610308429,Q125564,Manx people,R1,many people,"See Me, Hear Me"
10535886837768418445,Q2656122,Dom people,R1,do people,Crossing Boundaries: Migrants Attitudes Toward Immigration and Their Political Consequences
10538852319662587793,Q125564,Manx people,R1,many people,Strengthening business competences through online cooperation in the Carpathian Basin
10540203076619929684,Q7325,Jewish people,R1,the jaws,Investigation of the Microburst Phenomena Based on Observations from the JAWS and MIST Projects
10558140162569421534,Q125564,Manx people,R1,many people,Jude: Developing a self-learning personalised pathway recommendation engine for age-related health d
10559631144046315832,Q2656122,Dom people,R1,do people,Ancient writing reforms: the alphabet in development on the Apennine peninsula
10566168693892259051,Q125564,Manx people,R1,many people,Multilinear Fourier Analysis and Nonlinear PDEs
10566294149994251781,Q125564,Manx people,R1,many people,Living in harmony with our mother Earth
10570154142514761939,Q2656122,Dom people,R1,do people,Why do people fall for fake news The impact of intergroup meta-perceptions on believing and sharing 
10570181028076018180,Q125564,Manx people,R1,many people,"Creative Histories of Witchcraft, France 1790-1940"
10582546457770794301,Q7325,Jewish people,R1,the ews,Development of Trabectedin Analogs that Target the EWS-FLI1 Transcription Factor
10591792130701739750,Q125564,Manx people,R1,many people,Can a digital and IoT-enabled behaviour change programme achieve &gt;15kg weight loss and 70% type 2
10592015444473943247,Q7325,Jewish people,R1,the news,eXperiential Digital Hub for the Media and Creative industries
10598535495213377349,Q415693,Akan people,R1,aian people,Community-engaged Research Toward Precision Medicine with AIAN People
10604586426630622265,Q2656122,Dom people,R1,do people,How do people choose referring expressions in communication?
10609453193506063953,Q125564,Manx people,R1,many people,"Attractive design of BRT-vehicles and stops (stations, infra) from travelers perspective - pre study"
10616367980308112969,Q48199,Sámi people,R2,Same,The All-or-Nothing Marriage? Marital Functioning and Health Among Individuals in Same and Different-
10645776389125321095,Q125564,Manx people,R1,many people,The impact of Covid-19 on the delivery and receipt of prison healthcare in England: a mixed methods 
10663308020908498927,Q125564,Manx people,R1,many people,GREEN EDUCATION IN GREEN ENVIRONMENT
10681818959136073082,Q17161,Etruscans,R1,etruscan civilization,Novel Evolutions of Turbines for Hydropower through the Use of a New Simulation tool
10702323985121704976,Q125564,Manx people,R1,many people,Dementia and imagination:connecting communities and developing well-being through socially engaged v
10703915782293063526,Q7325,Jewish people,R1,the news,"Self-organising Wide area monitoring systems for Autonomous pods, enabling Real-time Marshalling"
10704787468726373890,Q415693,Akan people,R1,aian people,Co-designing a Technology-based Health Research Results Dissemination Tool with AIAN People
10705933338154938752,Q125564,Manx people,R1,many people,"Once you pop, you just cant stop: how mindset rules biology and makes you eat. (TKI toeslag)"
10708272572711488394,Q125564,Manx people,R1,many people,Discovery Projects - Grant ID: DP170101722
10708957730429935564,Q125564,Manx people,R1,many people,Digitale Slaapcoach
10714734392391060819,Q125564,Manx people,R1,many people,READ
10741453036826167327,Q125564,Manx people,R1,many people,A Clinically Oriented Antimicrobial Resistance Surveillance Network (ACORN)
10748789350471266699,Q125564,Manx people,R1,many people,"Clinical, genetic and immune determinants of drug immunogenicity in psoriasis"
10752359114306320438,Q125564,Manx people,R1,many people,Bodily Electricity in Nineteenth-century Scientific Culture
10755879590926021539,Q7325,Jewish people,R1,the news,"CoMMiTTEd - Covid, Migrants and Minorities in Teacher Education: A Fake News Observatory to promote "
10757944853260763920,Q48199,Sámi people,R2,Same,SWE-2010-41 Recognition and Homosexuality: The Socio-Cultural Status of Same-Sex Relations in India 
10761440122858500643,Q125564,Manx people,R1,many people,Identification of the palliative care needs of home-based people with end-stage dementia
10763349871772335412,Q7325,Jewish people,R1,the news,Physical and Transition Climate Risks: Implications for Investors
10769494169039803209,Q125564,Manx people,R1,many people,Time travel: the world we want in 2121
10771637834393621772,Q125564,Manx people,R1,many people,"Immobility, citizenship and belonging in London and S&atilde;o Paulo"
10775224967022018693,Q125564,Manx people,R1,many people,Prevention of sewer blockages and water utility debt using predictive analytics and behavioural scie
10787890702959581111,Q125564,Manx people,R1,many people,The Commission has decided to initiate the procedure laid down in Article 108 (3) of the Treaty.
10792088119892670932,Q208551,Laz people,R1,lao people,Governing climate change? Climate change adaptation policies and local resilience in Cambodia and La
10796928074313272276,Q125564,Manx people,R1,many people,Ferroelectric Vertical Low energy Low latency low volume Modules fOr Neural network Transformers In 
10809629656813093992,Q125564,Manx people,R1,many people,North Manchester Education and Community Astronomy centre.
10817701046915166236,Q125564,Manx people,R1,many people,Iron Biogeochemistry in the High Latitude North Atlantic
10819022051935025428,Q125564,Manx people,R1,many people,Listen to my story - European History on school radio
10824606072101747017,Q125564,Manx people,R1,many people,ENABLING BUILD OF DIGITAL HEALTH APPS AGAINST REGULATORY STANDARDS FOR MEDICAL USE
10825893044591354815,Q48199,Sámi people,R2,Same,AI-driven Industrial Efficiency and Energy Optimization for Industrial Machinery
10836495283923918142,Q2656122,Dom people,R1,do people,How do people make uncertain predictions? Exemplar-based and category-based approaches to inductive 
10847712707665179888,Q48199,Sámi people,R1,same people,Astronomy in old and new media : the Sky at Night on demand
10854775806702786222,Q125564,Manx people,R1,many people,Developing Competences for Democratic Culture through Neo-Socratic dialogue
10868034459898866405,Q125564,Manx people,R1,many people,The prohibition against inadequate accessibility - legal opportunities and limitations regarding an 
10882073051825329929,Q7325,Jewish people,R1,the news,"CAPTURED: Journalism Captured by Platforms? Investigating Platform Power, Media Capture, and Journal"
10884848044664818253,Q125564,Manx people,R1,many people,"Life Events, Internet Usage, and Well-Being: A Study of the Integration of the Internet in Everyday "
10901545526705869327,Q125564,Manx people,R1,many people,"""To train an 'eco-citizen' of the world, capable of taking care of himself, others and the planet""."
10905206011431413620,Q125564,Manx people,R1,many people,"Market introduction of an innovative wearable device, consisting of a novel running shoe with embedd"
10905453170794467557,Q7325,Jewish people,R1,the news,Social Economy Entrepreneurship Development Skills 2
10906883984601839012,Q125564,Manx people,R1,many people,Dynamic depth control for precision destoning in fields for vegetables
10906943224723739251,Q125564,Manx people,R1,many people,Cardiac Booster
10915674802597735031,Q125564,Manx people,R1,many people,Better Environment Better Future
10916075452337436248,Q48199,Sámi people,R2,Same,Minority Stress and Mental Health among Same-Sex Couples
10921248775729340506,Q7325,Jewish people,R1,the news,Transparency of Lobbying and Political Influence in the News Media
10932675628229926608,Q7325,Jewish people,R1,the news,"Critical edition of Antoine Galland's *Journal 1708-1715 *, Biblioth&egrave;que nationale de France,"
10934296845119864399,Q7325,Jewish people,R1,the jets,Midlatitude circulation trends and the efficiency of poleward heat transport in the upper tropospher
10967287203030670940,Q7325,Jewish people,R1,the news,News that matters: Curiosity for and by young people in Groningen
10969006457528978550,Q2656122,Dom people,R1,do people,Biases in prospective learning and dynamic choice
10970825243813528277,Q7325,Jewish people,R1,the news,ROLES OF THE NEWS MEDIA IN KNOWLEDGE DISSEMINATION AROUND NUTRITIOUS DIET
10979546415493649330,Q48199,Sámi people,R2,Same,Accelerating quantum algorithms using microwave-driven multi-qubit logic
10982287311309614453,Q125564,Manx people,R1,many people,Multifunctional Agriculture - Rural Education for Action
11003343712928197600,Q208551,Laz people,R1,lay people,Creative Experimentations for Interdisciplinary Collaboration
11004613757047824712,Q125564,Manx people,R1,many people,Molecular role of metal-induced complement protein aggregation in age-related macular degeneration
11005193515843064182,Q125564,Manx people,R1,many people,Gastroduodenal motility and glycaemic control in diabetes mellitus
11026844230958238596,Q7325,Jewish people,R1,the jets,Unraveling the magnetic field structure and emission mechanisms in relativistic jets across all scal
11037838360561787907,Q7325,Jewish people,R1,the news,Essays on Incidental News Consumption on Social Media Platforms
11045901452195752924,Q7325,Jewish people,R1,the news,Democracy dies in darkness without Official Data.
11048191550516633430,Q48199,Sámi people,R2,Same,coRNAucopia - A Method to Deliver Multiple bNAbs in the Same RNA
11050704544076321176,Q125564,Manx people,R1,many people,"Forest bites: immigrants' views on forests, ticks and climate change"
11063486181418828826,Q125564,Manx people,R1,many people,Economic Growth and Economic Performance Over The Long Run: Frontier Research in Economic and Social
11065603956473311413,Q7325,Jewish people,R1,the jaws,Pathophysiologic mechanisms during initiation of medication related osteonecrosis of the jaws
11074352948131386273,Q125564,Manx people,R1,many people,Physical and mental health multimorbidity across the lifespan (LIfespaN multimorbidity research Coll
11080473927253250402,Q48199,Sámi people,R1,same people,Alcohol Policy Interventions in Scotland and England: APISE
11082337254803837635,Q125564,Manx people,R1,many people,EIFAY: Erasmus + Incubator: Factory of Active Youth
11083097680006920025,Q125564,Manx people,R1,many people,Risk Measures for MDPs
11096302657204794828,Q125564,Manx people,R1,many people,Business development together with the customers
11110531652318962416,Q125564,Manx people,R1,many people,MECHANISMS OF PATHOLOGY AND NEW THERAPEUTIC OPTIONS FOR GAUCHER DISEASE AND OTHER LIPIDOSES
11121831325458446272,Q7325,Jewish people,R1,the news,comparative analysis of the news coverage of HIV/AIDS - Master of Communication Sciences
11137267033988566106,Q125564,Manx people,R1,many people,Tracking toxins in venomous Vermes: comparative venomics of polychaete annelids
11137267033988566106,Q208551,Laz people,R1,lay people,Tracking toxins in venomous Vermes: comparative venomics of polychaete annelids
11159626909477626003,Q125564,Manx people,R1,many people,TOURISTABLE
11161025509009173553,Q7325,Jewish people,R1,the news,Generic Visuals in the News: the role of stock photos and simple data visualizations in assembling p
11167349118811777399,Q125564,Manx people,R1,many people,Arts and People with disabilities - cooperative digital working for inclusion during the pandemic
11182464837273031260,Q2656122,Dom people,R1,do people,Living Multiculture: the new geographies of ethnic diversity and the changing formations of multicul
11189791356138412671,Q125564,Manx people,R1,many people,Sustainable and Inclusive Wireless
11193974761340265122,Q125564,Manx people,R1,many people,An automated external defibrillator (AED) help save the lives
11193974761340265122,Q48199,Sámi people,R2,Same,An automated external defibrillator (AED) help save the lives
11194409635547224645,Q7325,Jewish people,R1,the news,"""""""The war to end all wars? The First World War in a European theatre of peace"""""""
11211756563869072686,Q125564,Manx people,R1,many people,Back To The Future 2.0
11225370899598614795,Q125564,Manx people,R1,many people,Pre-symptomatic asymptomatic MonkEypox (PRIME) study
11226055463247084274,Q125564,Manx people,R1,many people,GCRF-Crick African Network
11228254723227018277,Q125564,Manx people,R1,many people,GMP manufacture and Phase I clinical trial of a thermostable single-dose rabies vaccine for pre-expo
11231883334183675497,Q125564,Manx people,R1,many people,The Cosmology of the Early and Late Universe
11238835748832837805,Q7325,Jewish people,R1,the jets,"Linkage Infrastructure, Equipment and Facilities - Grant ID: LE180100166"
11239270417486900372,Q125564,Manx people,R1,many people,Industrial introduction courses 2D materials
11240369375712661280,Q7325,Jewish people,R1,the news,Enhancing Constructive Journalism on Social Media through Dialogue based Story-telling
11243091436723616923,Q125564,Manx people,R1,many people,Survey data quality in panel surveys: trade-offs between nonresponse and measurement errors
11246567281409912708,Q7325,Jewish people,R1,the jaws,Defining the transcriptome in Osteonecrosis of the Jaws
11249335323661246760,Q7325,Jewish people,R1,the news,Shift Thought - Quantitative News Integrator
11253081229612425951,Q125564,Manx people,R1,many people,Opinioneer Enhancements
11264732671008769168,Q125564,Manx people,R1,many people,"Culture, coexistence and language through STEM for a boundless future"
11269308244897319891,Q125564,Manx people,R1,many people,Between yesterday and tomorrow
11270594786243416159,Q125564,Manx people,R1,many people,It depends: Exploring the role of context in subjective experiences of social media-enabled harms
11272102928741946140,Q125564,Manx people,R1,many people,Making up disability? Disability benefit legislation and disability identity formation in cases of t
11276329517240847297,Q7325,Jewish people,R1,the news,Online Educational Escape Rooms to Re-engage ESLs and NEETs
11279440529736452205,Q125564,Manx people,R1,many people,Temporary Pacing Leads - Scoping and Mitigating Environmental Impact
11284808566155447281,Q7325,Jewish people,R1,the news,Birmingham Experimental Particle Physics Consolidated Grant 2022-25
11291742521279582058,Q125564,Manx people,R1,many people,Does the metabolic syndrome impair recovery from traumatic brain injury: a prospective neuroimaging 
11292529236577784066,Q415693,Akan people,R1,aian people,Community-engaged Research Toward Precision Medicine with AIAN People
11320178966827218524,Q125564,Manx people,R1,many people,"Promoting Effective Intentions: Volitional Scaffolding, Implementation Intentions, and Bedtime Procr"
11330050790936623898,Q125564,Manx people,R1,many people,AISD-ADVANCED INTELLIGENT SOUND DOSIMETER
11331642402837224274,Q2656122,Dom people,R1,do people,Food riots and food rights: the moral and political economy of accountability for hunger
11332518532887341921,Q125564,Manx people,R1,many people,B-FIT: Improving the use of training in the home environment for people with muscular diseases
11334286165756195725,Q125564,Manx people,R1,many people,Care chain for addicts - from cost to strength in society
11334811839404022908,Q2656122,Dom people,R1,do people,A multi-cultural comparative study into the influence national level variations have on desistance f
11335819756327901474,Q125564,Manx people,R1,many people,Using nanostructured biomaterials and stem cells to repair spinal cord injuries
11335822799995035055,Q7325,Jewish people,R1,the news,Youth Radio - Connecting the Rural Areas!
11364186918280664323,Q48199,Sámi people,R1,same people,Lifestyle behavior in midlife: The impact on individual health versus societal healthcare expenditur
11364299671189226494,Q125564,Manx people,R1,many people,Seeing clearly: examining the consequences of glaucoma for the human brain
11365251318449112915,Q125564,Manx people,R1,many people,Aphasia is more than a language impairment - cross-sectorial and cross-disciplinary psychosocial car
11371021759338962464,Q125564,Manx people,R1,many people,Frontal cortical interactions during decision-making and social valuation
11374814123259097631,Q2656122,Dom people,R1,do people,Dynamic position sense
11377686853890651813,Q125564,Manx people,R1,many people,"Building States, Empowering Citizens: Rethinking intervention as politics of improvement"
11377686853890651813,Q7325,Jewish people,R1,the news,"Building States, Empowering Citizens: Rethinking intervention as politics of improvement"
11385683827012634503,Q7325,Jewish people,R1,the ews,Development of Trabectedin Analogs that Target the EWS-FLI1 Transcription Factor
11388621161459040756,Q125564,Manx people,R1,many people,Monomeric C-reactive protein as pathogenic factor and therapeutic target in athero-thrombotic diseas
11390578242556104526,Q125564,Manx people,R1,many people,Tracing stem cell lineages in human epithelial tissues
11391831019977698994,Q125564,Manx people,R1,many people,Urban oxidising capacity measurements using inert and reactive tracers
11404030097934478391,Q125564,Manx people,R1,many people,Systems analysis and modelling of service provision on a constrained planet
11421188234165442124,Q125564,Manx people,R1,many people,New Automated Tunnel Examination System (NATES)
11452293998163618965,Q125564,Manx people,R1,many people,A Zero-Carbon Transport for post-COVID needs
11452864306001579083,Q208551,Laz people,R1,lay people,"Investigating the design,implementation and impacts of an mHealth based educational video training p"
11455796168038791061,Q125564,Manx people,R1,many people,An international collaboration to explore person centred approaches to dementia and the role of rela
11462050379917889330,Q2656122,Dom people,R1,do people,Planning for segregation? Social and Ethnic Separatism in the Swedish City
11471598235330186932,Q125564,Manx people,R1,many people,Acquiring place BRANDing competences at work through continuing VET to increase the attractiveness o
11478297270240260700,Q125564,Manx people,R1,many people,GREEN FUTURE: Analysying the impact of COVID 19 in rural areas to identify new business opportunitie
11487298982758830669,Q63884107,Asia Minor Greeks,R1,asia minor greek,Funerary Law and the Protection of Graves in Greco-Roman Southwestern Asia Minor
11493503524340198659,Q125564,Manx people,R1,many people,Compassion for the Loss of Corona
11495363175008591926,Q208551,Laz people,R1,lay people,Communicating Science: John Maynard Smith and Evolutionary Biology in Post-War Britain
11499372610002305701,Q125564,Manx people,R1,many people,Convective-Scale Impacts of Deforestation on Amazonian Rainfall
11504587298138813264,Q7325,Jewish people,R1,the news,How can design add value to the satellite and space sector driving the Industrial Strategy ?
11537805662203466916,Q125564,Manx people,R1,many people,Through Museum Walls to Digital World
11545037666942766565,Q125564,Manx people,R1,many people,Understanding Saving in Europe
11551355613473430974,Q125564,Manx people,R1,many people,Mechanistic studies of opioid-induced exacerbation of chronic pain responses
11551541018057482266,Q125564,Manx people,R1,many people,Are some languages better than others?
11551806830206773992,Q7325,Jewish people,R1,the ews,Dissecting the mechanism of Wnt signal transduction using chemical probes
11559818725130696390,Q125564,Manx people,R1,many people,"Completion of book for CUP 'Theatres in Twentieth Century Britain: Industry, Art and Empire'"
11566289079225138405,Q125564,Manx people,R1,many people,Structural brain correlates of an operationally defined high-risk phenotype for schizophrenia: a pop
11588005466042711880,Q125564,Manx people,R1,many people,Trial to Evaluate Anti-fibrinolytic Therapy in Thrombocytopenia (TREATT)
11589607493740336665,Q2656122,Dom people,R1,do people,Aging as a Human Condition (bevilget kr. 8.779.496)
11602974247858764296,Q7325,Jewish people,R5,hebrew,European Researchers' Night Israel 2020
11603475751053653498,Q125564,Manx people,R1,many people,Let's read again
11621991652537070347,Q125564,Manx people,R1,many people,SCREENswitch: Switchable Opacity Patient Isolation Systems
11623192487414187671,Q125564,Manx people,R1,many people,Computational models of innate immune response to respiratory pathogens
11627545745984551118,Q846578,Svan people,R1,scan people,Realising the potential of magnetoencephalography (MEG) using Optically Pumped Magnetometers (OPMs)
11631571209590175827,Q208551,Laz people,R1,lay people,How do lay people understand the risk of developing cancer? A qualitative study using grounded theor
11646445477384709477,Q48199,Sámi people,R2,Same,Queer Narratives: Intimate and Social Lives of Women with Same-Sex Sexual Attractions in Tampere 197
11673128790971909074,Q125564,Manx people,R1,many people,Machine Learning for Structural Health Monitoring of Cultural Heritage
11685384246021278605,Q2656122,Dom people,R1,do people,Coming to Terms with Forced Migration
11687335090274283158,Q125564,Manx people,R1,many people,Relief for Younger People in Need of Care and their Informal Carers
11688513192895193729,Q125564,Manx people,R1,many people,BREATHE-INDIA: BREATHlEssness in INDIA. Development of a Breathlessness Beliefs and Behaviour educat
11695597239209254200,Q125564,Manx people,R1,many people,FOXES AND BIODIVERSITY
11700749091116355467,Q7325,Jewish people,R1,the news,Nature Beyond the Skies
11702976141783181913,Q125564,Manx people,R1,many people,Reinstating emotion perception after brain damage: An experimental approach
11708258295154572417,Q2656122,Dom people,R1,do people,Compliant Gyroscopic Actuators for Minimalistic Wearable Robotics
11712239026382703268,Q125564,Manx people,R1,many people,DIGITAL WINE TASTING
11715707304282151378,Q125564,Manx people,R1,many people,BoostIng Digital skills TO promote entrepreneurship for ARTists and cultural heritage sectors
11718340130516839262,Q125564,Manx people,R1,many people,The Role of Memory for Economic Belief Formation
11723477864383747325,Q7325,Jewish people,R1,the news,Conference: Improving Climate Science Communications Between Scientists and the News Media; Kingston
11726998403785026998,Q7325,Jewish people,R1,the news,Discovery Projects - Grant ID: DP230103037
11734833734123955352,Q125564,Manx people,R1,many people,Social assistance deservingness in Sweden. Multidimensional patterns and ethnicity bias in social wo
11737518408295273684,Q125564,Manx people,R1,many people,Investigating the impact and underpinnings of complex post-traumatic stress disorder in people with 
11747703186339225385,Q125564,Manx people,R1,many people,The use of wearable electrocardiogram sensors to improve the prediction of cardiovascular disease
11748389897930088922,Q7325,Jewish people,R1,the news,From Antigone of Thebes to Greta Thunberg
11752813924101859148,Q125564,Manx people,R1,many people,Ultra-low power and low-cost pollution and hazardous gas sensors to support the well-being and safet
11758754287669211571,Q125564,Manx people,R1,many people,THE PSYCHOLOGICAL MECHANISMS UNDERPINNING COMPENSATORY HEALTH BEHAVIOURS
11760674350291723427,Q125564,Manx people,R1,many people,ECO Echo
11763719256906374081,Q48199,Sámi people,R2,Same,Same-sex marriage and health insurance coverage decisions by employers
11766605530325027774,Q125564,Manx people,R1,many people,"Comparison of approaches to independent living for and by people with disabilities in Hungary, Italy"
11789875232970254005,Q125564,Manx people,R1,many people,Touchless Haptic Experiences with Neurocognitive AI
11798543207615334695,Q125564,Manx people,R1,many people,Beautiful Games: An interactive exhibition on the science and engineering of sport
11804593711216894703,Q48199,Sámi people,R2,Same,TECHNOLOGY AND ICT IN EDUCATION
11814866670785263753,Q125564,Manx people,R1,many people,An investigation of circadian rhythms in psoriasis skin and time-of-day dependent response to ultrav
11822913676393801006,Q125564,Manx people,R1,many people,Lifetime alcohol consumption and risk of mortality and morbidity: The Melbourne Collaborative Cohort
11823838248601366477,Q125564,Manx people,R1,many people,CitywellnessLink
11827197872677370454,Q125564,Manx people,R1,many people,Drug repurposing for Parkinson’s Teaching old drugs new tricks
11833045023788072516,Q125564,Manx people,R1,many people,waste my love
11834746743324609092,Q7325,Jewish people,R1,the news,Feeling all the (Partisan) Feels: Exploring the Drivers of Affective Polarization at the Individual 
11838751297206848728,Q125564,Manx people,R1,many people,Silent mutations in cancer
11840476452325466100,Q7325,Jewish people,R1,the news,A Co-Creational Model for the News Media
11841509281410435653,Q125564,Manx people,R1,many people,Sensorimotor Learning for Control of Prosthetic Limbs
11853362909594452853,Q7325,Jewish people,R1,the news,Scalable Understanding of Multilingual Media
11863122643765391255,Q7325,Jewish people,R1,the news,In Video Veritas - Verification of Social Media Video Content for the News Industry
11863839114802374233,Q125564,Manx people,R1,many people,Game based learning for environmental education on soils
11866687516888804210,Q208551,Laz people,R1,lay people,Postpartum Adherence Clubs for Antiretroviral Therapy: a randomised controlled trial
11871888484845793569,Q125564,Manx people,R1,many people,Celador Research and Development project for preventive mental health in the workplace
11874841012523414990,Q48199,Sámi people,R1,same people,"Life course causes and consequences of caring: how do work and family histories influence caring, an"
11909189519727157015,Q125564,Manx people,R1,many people,An effector-detector domain in a rice immune receptor: towards structure-guided design of new diseas
11911622192075610148,Q125564,Manx people,R1,many people,A randomised placebo-controlled trial of immunotherapy in patients with psychosis associated with an
11911808612687635723,Q2656122,Dom people,R1,do people,Why do people from different cultures think differently? Explaining cultural variation in psychologi
11915406389211520497,Q125564,Manx people,R1,many people,Access denied. How diagnostic categories work in negotiating care for people with learning disabilit
11915507649769406742,Q7325,Jewish people,R5,hebrew,"Travel to Attend: First International Conference of Scientific Editors, Hebrew Univ of Jerusalem, Is"
11915595506017727710,Q125564,Manx people,R1,many people,Socialist Industrial Design in Mao Era China and After
11917528003129237641,Q125564,Manx people,R1,many people,Developing a Nature and Health Hub for Cornwall
11923296806914227445,Q125564,Manx people,R1,many people,Oral frailty as predictor of adverse health outcomes in older people.
11924741698266728235,Q208551,Laz people,R1,lay people,Strategic Project - UI 721 - 2011-2012
11933469923108325745,Q125564,Manx people,R1,many people,Raising Expectations through Erasmus+
11934717283066439014,Q125564,Manx people,R1,many people,Correlates of protection against SARS-CoV-2 infection and disease in recently exposed household cont
11939554677979075298,Q125564,Manx people,R1,many people,"Europe, a heritage made of stories"
11939781193292130850,Q7325,Jewish people,R5,hebrew,"Human Rights, Memorialization and Nationalism"
11944624235832133455,Q2656122,Dom people,R1,do people,"Collecting, Debating and Contesting Data through Visualization"
11950650736746213597,Q125564,Manx people,R1,many people,Can oils derived from genetically-modified plants replace fish oil as a source of long chain n-3 pol
11969866601170513448,Q7325,Jewish people,R1,the jaws,Pathophysiologic mechanisms of biosphosphonate related osteonecrosis of the jaws
11990492479888215223,Q7325,Jewish people,R1,the news,NOW New Opportunities for Women
11995558879003282357,Q208551,Laz people,R1,lay people,ASSESSMENT OF PHOTOGRAPHY AS AN AID TO EARLY DETECTION OF MELANOMA IN OLDER MALES BY GENERAL PRACTIT
12009540713952695436,Q2656122,Dom people,R1,do people,Cycling equity and socioeconomic disadvantage
12011804836295031453,Q125564,Manx people,R1,many people,Embracing European Values through Tales
12012195745156445489,Q2656122,Dom people,R1,do people,Grow or mow? Managing urban grasslands for pollinator conservation and soil ecosystem services
12012439642730055877,Q125564,Manx people,R1,many people,Using Machine Learning to Identify Noninvasive Motion-Based Biomarkers of Cardiac Function
12015615697349559139,Q125564,Manx people,R1,many people,Genomic analysis of malaria resistance
12029383142443705146,Q125564,Manx people,R1,many people,Digital design of functional foods for people with multiple disabilities: a socially acceptable inno
12035250939964525450,Q208551,Laz people,R1,lay people,Treating depressive symptomatology in Congolese Refugees in Uganda and Rwanda: Adapting and Evaluati
12042025128555743975,Q7325,Jewish people,R1,the news,SYMPACT: Tools for assessing the systemic impact of technology deployments on energy use and climate
12045809715401020911,Q2656122,Dom people,R1,do people,"Unconscious, Social, and Evolved: The USER Model of Social Support"
12061028460227855689,Q125564,Manx people,R1,many people,"Living in Safety: the Culture of 'Safety' and Accident Prevention in Everyday Life in Britain, c.190"
12065993892753670098,Q48199,Sámi people,R2,Same,Mechanisms of Same/Different Concept Learning by Pigeons
12079169560183339576,Q7325,Jewish people,R1,the news,"Women, Politics and Media Framing (WPMF) in the UK and in Israel - Tackling Western Democracies' Gen"
12082551254499307212,Q2656122,Dom people,R1,do people,"Why do people keep hurting their back: A longitudinal study of biological, psychological and social "
12084916125427828729,Q125564,Manx people,R1,many people,Preparing a common curricula and digital educational tools for professionals
12101420327207580696,Q125564,Manx people,R1,many people,"Learn it, Use it, Share it"
12106929711947583148,Q125564,Manx people,R1,many people,"Basal ganglia circuitry that interlinks sleep, insomnia and anxiety"
12112258847712627003,Q125564,Manx people,R1,many people,Energy is the future of the world
12116864207192306295,Q125564,Manx people,R1,many people,Jobs 4 Future
12118248001779204914,Q7325,Jewish people,R1,the jaws,Can phenotypic plasticity and DNA methylation promote adaptive radiation?
12123425041847975185,Q125564,Manx people,R1,many people,Internationality is a colourful thing
12134747268347447073,Q48199,Sámi people,R1,same people,Same people in the same world
12139732662953725754,Q125564,Manx people,R1,many people,The Commission has decided to initiate the procedure laid down in Article 108 (3) of the Treaty.
12147684263114943488,Q125564,Manx people,R1,many people,Connected by heARTs
12147689873219479844,Q125564,Manx people,R1,many people,An Edition and Study of the Early Welsh Legendary and Prophetic Poems in the Book of Taliesin
12159114839643881101,Q7325,Jewish people,R1,the news,AI in the News Ecosystem: Navigating Trust and Authenticity (AINATA)
12183404345851850040,Q125564,Manx people,R1,many people,Empowering Ukrainian refugees via participatory workshops
12185840053525133420,Q7325,Jewish people,R1,the news,INSIDE - Psychiatry and the media : when patients become editors
12192260989631311550,Q125564,Manx people,R1,many people,Local Big Histories
12195378414080543793,Q48199,Sámi people,R2,Same,Same-day Breast Pathology Results using Open-Top Light-Sheet Microscopy for Image-guided Core Needle
12202702998322213322,Q7325,Jewish people,R1,the news,The effect of a high fat vs high sugar diet on liver fat accumulation and metabolism
12203399264702056824,Q125564,Manx people,R1,many people,"Understanding data, understanding society: using quantitative narratives to embed evidence, argument"
12209503804550973074,Q48199,Sámi people,R2,Same,"Now You See It, Now You Don’t: How Does The Brain Turn Different Into Same?"
12215148719269060464,Q125564,Manx people,R1,many people,Are we really what we eat? Comparing traditions around food in France and England - a way to give me
12217977393730232149,Q7325,Jewish people,R1,the news,Beyond Agenda-setting: Towards a better understanding of the power relationship between politicians 
12219105410951763684,Q2656122,Dom people,R1,do people,Discovery Early Career Researcher Award - Grant ID: DE150100667
12226965149048164236,Q125564,Manx people,R1,many people,E-Learning through Videos in a European Setting
12231696758423714770,Q125564,Manx people,R1,many people,Small vertebrates from the Albian-Cenomanian of Queensland - testing hypotheses of provincialism amo
12233680728287568619,Q7325,Jewish people,R1,the news,An Artificial Intelligence Capable of Detecting Counterfeit Products Using a Cell Phone Camera
12244001187746683852,Q125564,Manx people,R1,many people,European Community Respiratory Health Survey III
12244651302906016585,Q125564,Manx people,R1,many people,Tests and Applications of a Peripheral Interference Theory of Reading
12244676977354657241,Q125564,Manx people,R1,many people,"MAP: Motivate/Encourage, Act/Create, Promote"
12246127180589483190,Q7325,Jewish people,R1,the news,Social Science Programme / HIV Status Disclosure and Sexual Behaviour Study Project
12246714129520142915,Q125564,Manx people,R1,many people,Ginkgo Biloba for Smoking Cessation
12247683881988836227,Q7325,Jewish people,R1,the jaws,"Nature of the beast? Resolving drivers of prey choice, competition and resilience in wolves"
12248621714431050247,Q125564,Manx people,R1,many people,Investigating the Mechanisms of Placebo Anxiolysis
12251934966650380951,Q125564,Manx people,R1,many people,Basic Education and Empowerment for Political Participation
12254793412350488597,Q7325,Jewish people,R1,the news,"VECMAP IPM, a one-stop-shop for the sustainable prevention of urban pests of public health Importanc"
12257088959823989267,Q2656122,Dom people,R1,do people,Policies for longer working lives: understanding interactions with health and care responsibilities
12275014716452443443,Q7325,Jewish people,R1,the jets,Penetrating microjets in soft substrates: towards controlled needle-free injections
12275689088145889089,Q2656122,Dom people,R1,do people,The rhythms of computation: A combinatorial mechanism for language production and comprehension
12295896854240378535,Q2656122,Dom people,R1,do people,An Investigation of Social Mobility Using the ONS Longitudinal Study: sub-national variation and eff
12296020817594808975,Q125564,Manx people,R1,many people,DECIDE - Delivering Enhanced Biodiversity Information with Adaptive Citizen Science and Intelligent 
12297043177279969739,Q125564,Manx people,R1,many people,Road traffic injury prevention: a public health approach
12297498343732306965,Q125564,Manx people,R1,many people,The role of epigenetic processes in mediating the molecular and behavioural responses to stress in t
12300770890152614900,Q125564,Manx people,R1,many people,Asserting the Nation: Comparative studies on the rise of neo-nationalism in higher education. The ca
12306100591253711064,Q7325,Jewish people,R1,the news,Youth Empowerment through Sport
12313261678274556723,Q2656122,Dom people,R1,do people,Climate Histories: Communicating Cultural Knowledge of Environmental Change
12318878064362659852,Q2656122,Dom people,R1,do people,Doctoral Dissertation Research in Political Science: Why do people support Islamist Parties?
12321484443069607628,Q7325,Jewish people,R1,the news,Social and Political Change in Britain: Gallup Polls 1945-1991
12322703630543196334,Q125564,Manx people,R1,many people,Structural connectomes in traumatic brain injury: Can secondary disease progression be stopped and c
12323629706829440218,Q125564,Manx people,R1,many people,ICT 4 the Elderly
12325232558837175496,Q125564,Manx people,R1,many people,All4Talent
12329408252665294552,Q125564,Manx people,R1,many people,The ReSPect Study - Reducing stigma towards people with issues related to drug use
12340083924703433092,Q125564,Manx people,R1,many people,The physical activity paradox - Truth or Myth?
12347711212910718154,Q125564,Manx people,R1,many people,Physiological bases of audiovisual integration
12349097332390308550,Q2656122,Dom people,R1,do people,"Interdisciplinary in nature, and embrace sociology, economics, demography and development studies"
12364818548554337862,Q48199,Sámi people,R1,same people,Individual Differences in Comprehension across the Lifespan
12373387406895188714,Q125564,Manx people,R1,many people,Solopreneurs' Digital Social Innovation
12374505297867047756,Q7325,Jewish people,R1,the news,"Negotiations of Professional Authority and Truth in News Media, Museums and Higher Education"
12378828675386808111,Q208551,Laz people,R1,lay people,Gestalts Relate Aesthetic Preferences to Perceptual Analysis
12380971072938890493,Q125564,Manx people,R1,many people,Improving well-being and community connectivity for people with dementia through community based art
12381928720025908232,Q125564,Manx people,R1,many people,Development and Launch of Floop Android App
12383407168739729706,Q2656122,Dom people,R1,do people,Fitting In/Standing Out: Comparing Majority and Minority Dress Codes among Egyptian Muslims and Chri
12386863837782364946,Q125564,Manx people,R1,many people,Icy thermometers: the use of glaciers to measure and monitor volcano temperature (HOT ICE)
12419870677663991293,Q125564,Manx people,R1,many people,IMPRINtS - Internet and Mobile technologies for a Public Role In Noise Surveying
12420934775995315923,Q7325,Jewish people,R1,the news,Common frames for conceptualizing mental illness in news media and their effect on public attitudes
12421330886507573146,Q7325,Jewish people,R1,the news,Media genre and political culture: beyond the news
12424665514950381089,Q125564,Manx people,R1,many people,Adverse health outcomes during the diagnostic workup of cancer - An epidemiological study
12432789440927180921,Q125564,Manx people,R1,many people,SUSTAINABLE FUTURE OF EUROPEAN FORESTS FOR DEVELOPING THE BIOECONOMY
12445074317006806784,Q125564,Manx people,R1,many people,REALLIFE: serious gaming and virtual reality to develop 21st century and employability skills
12447625120738823193,Q7325,Jewish people,R1,the news,Cross-lingual Event-centric Open Analytics Research Academy
12448935378131224941,Q7325,Jewish people,R1,the news,Innate Immunity and Host Species Barriers
12451398414889719342,Q125564,Manx people,R1,many people,Incidence and progression of posterior segment eye disease in a population-based cohort in Kenya
12452827072701665946,Q125564,Manx people,R1,many people,Metrology for ultrafast electronics and high-speed communications
12460712045063471164,Q125564,Manx people,R1,many people,GENETIC ANALYSIS OF POLYSACCHARIDE CAPSULE BIOSYNTHESIS AND REGULATION IN STREPTOCOCCUS PNEUMONIAE
12464004408552968030,Q125564,Manx people,R1,many people,Easy Reading: A Framework for Personalised Cognitive Accessibility when using Original Digital Conte
12489186939171024209,Q7325,Jewish people,R1,the news,Activation and articulation of authoritarian attitudes: The importance of the media
12490829710060468022,Q125564,Manx people,R1,many people,Blended Learning Environment for European Prisoners
12504816313710375830,Q2656122,Dom people,R1,do people,"Conversation behaviour in daily life: the effects of situation, hearing loss, and hearing-aid use"
12508355367456025466,Q208551,Laz people,R1,lay people,All our Stories support
12510608304987030387,Q7325,Jewish people,R1,the news,Designing More Effective Data Visualizations
12511962768374476730,Q125564,Manx people,R1,many people,Trauma-focused CBT & exercise for chronic whiplash: addressing all aspects of a chronic condition
12512360643862232116,Q48199,Sámi people,R2,Same,Same same but different!? Moving places for the elderly in the municipalities of Venlo and Venray.
12515988706853331596,Q125564,Manx people,R1,many people,Development of MRI-guided radiation therapy
12519056075414471415,Q2656122,Dom people,R1,do people,About distraction: Cognitive control processes in the service of distraction resistance
12526040187707731658,Q125564,Manx people,R1,many people,Support for desicion in marketing communication
12531253627856347217,Q125564,Manx people,R1,many people,Which treatment works? New approaches to treating emotion perception deficits after brain injury
12553352817011919897,Q125564,Manx people,R1,many people,A telehealth application for the assessment and treatment of disordered speech in Parkinson's diseas
12570201937417393933,Q125564,Manx people,R1,many people,"An autonomous, modular robotic platform, enabling disinfection and telepresence in a care setting"
12575132010953260629,Q125564,Manx people,R1,many people,A HUMANITARIAN DRONE FOR THE RAPID DETECTION OF LANDMINES AND OTHER EXPLOSIVE REMNANTS OF WAR
12577105896429725829,Q7325,Jewish people,R1,the news,Oral history and memory(es) of the practices and habits of news consumption and of the experience an
12583733377328642808,Q125564,Manx people,R1,many people,Advanced sensor-based design and development of wearable prosthetic socket for amputees
12602086799202545494,Q125564,Manx people,R1,many people,Trial to Evaluate Anti-fibrinolytic Therapy in Thrombocytopenia (TREATT)
12622383208408903151,Q125564,Manx people,R1,many people,Sounds Asleep - Towards better sleep quality with biometric noise metering and mediation
12628580043201190837,Q125564,Manx people,R1,many people,ECO ART
12630815883594408516,Q125564,Manx people,R1,many people,Rapid evaluation of the COVID-19 pandemic response in palliative and end of life care: national deli
12633542962384044671,Q48199,Sámi people,R2,Same,A Trial of Same-Day Testing and Treatment to Improve Outcomes among Symptomatic Patients Newly Diagn
12634078278922116005,Q125564,Manx people,R1,many people,High-risk behaviour : an evil to root out
12637237740335129237,Q7325,Jewish people,R1,the news,"Coupled carbon, water and heat fluxes over the global land surface"
12644036773091377698,Q7325,Jewish people,R1,the news,Children and Youth in the news
12647051741443401135,Q7325,Jewish people,R1,the news,"Resolving the Tussle in the Internet: Mapping, Architecture, and Policy Making"
12655535088328132077,Q125564,Manx people,R1,many people,"Neurobehavioural mechanisms of addiction: vulnerability, circuits and drug memories"
12655579489655077644,Q7325,Jewish people,R1,the news,Inside the filter bubble: A framework for deep semantic analysis of mobile news consumption traces
12669459540551992484,Q125564,Manx people,R1,many people,Enhancing Multilingualism Among Teenage Entrepreneurs 2
12681231180444273288,Q125564,Manx people,R1,many people,Online Learning Platform against online Hate
12687607718827522762,Q125564,Manx people,R1,many people,Using cognitive biases to increase risk perceptions of endocrine-disrupting chemicals: ReBIAS
12688535106334845287,Q7325,Jewish people,R1,the news,Measuring and Mitigating Risks of AI-driven Information Targeting
12715690194596704796,Q125564,Manx people,R1,many people,"Implementing comprehensive, integrated, community-based health care for vulnerable communities in So"
12716844124643129751,Q125564,Manx people,R1,many people,Improved patient outcomes through dosage individualisation of the newer immunosuppressant drugs
12718562866970736414,Q125564,Manx people,R1,many people,Dance it All!
12724005314679118703,Q125564,Manx people,R1,many people,Digital Education for Social Innovation Reframed Entrepreneurship
12735858852734054505,Q125564,Manx people,R1,many people,MIGRATION AT OUR GATES
12736721951366635042,Q125564,Manx people,R1,many people,Open Hearts and Welcoming Communities for Immigrants and Refugees
12737469497682629834,Q125564,Manx people,R1,many people,LEARNING OBTAINED BY REINFORCED ATTITUDES THROUGH ORIGINAL READING AND RESEARCH BY YOUNGSTERS
12737668427760985718,Q125564,Manx people,R1,many people,Remote working as a sustainable working environment
12745128855977686961,Q125564,Manx people,R1,many people,European Future - Skills
12745505824696295707,Q2656122,Dom people,R1,do people,How do people experience and respond to social control from their partner? Three daily diary studies
12751881250199937512,Q125564,Manx people,R1,many people,A new direction for TB control in highly endemic countries: a RCT of active case finding
12759760915729597393,Q7325,Jewish people,R1,the news,Namibia's road to independence in the Finnish-Swedish press 1966-1990
12763660776277449049,Q125564,Manx people,R1,many people,Attitudes and Understanding in Dialect Levelling - AUDiaL
12765945354756400086,Q125564,Manx people,R1,many people,Diagnose Nature &amp; Preserve Nature
12765951456719070917,Q7325,Jewish people,R1,the news,Countering disinformation: enhancing journalistic legitimacy in public service media
12767898328494561461,Q125564,Manx people,R1,many people,"Migration- Past, Present and Future"
12768465331579389543,Q2656122,Dom people,R1,do people,Planning for a greener city
12770862245092978768,Q208551,Laz people,R1,lay people,Survival and Success on Medieval Borders: Cistercian Houses in Medieval Scotland and Pomerania
12781768004109319105,Q125564,Manx people,R1,many people,DE-COMPASS Prediction Model: A clinical prediction model to assess individual risk of outcome of tap
12784345581610205563,Q7325,Jewish people,R1,the news,Living to Die
12785827343563334164,Q2656122,Dom people,R1,do people,Understanding Social Media Monitoring
12787301955765323501,Q125564,Manx people,R1,many people,VITAL MIND
12801531710215106607,Q7325,Jewish people,R1,the news,Media Education and News Literacy to yoUth against FAke news recepTion and implicatiOnS
12803531018972391114,Q125564,Manx people,R1,many people,Mathematics in Antiquity and the Middle Ages
12818780264237109713,Q125564,Manx people,R1,many people,Studying social cognition using robotic eye-gaze: individual differences and contextual modulators
12819609481771621415,Q48199,Sámi people,R2,Same,Minority Stress and Mental Health among Same-Sex Couples
12820117115146715617,Q2656122,Dom people,R1,do people,Navigating perceived overdiagnosis and overtreatment: a sociological analysis of the experiences of 
12825818272844760448,Q125564,Manx people,R1,many people,Cost-effective electric vehicle charging for public spaces by novel coreless wireless charger techno
12826530737319089077,Q125564,Manx people,R1,many people,TREES: To Reinforce European Environment Sustainability
12830903543600061426,Q125564,Manx people,R1,many people,"Religion, Justice and Well-Being: the normative foundations of public policy in a multi-faith societ"
12840587307996177218,Q125564,Manx people,R1,many people,The role of early childhood education in the perception of the world of work and work by children
12842278471385957068,Q125564,Manx people,R1,many people,"Virus Watch: Understanding community incidence, symptom profiles, and transmission of COVID-19 in re"
12867119126612764733,Q48199,Sámi people,R2,Same,"Marriage, Migration and Sexuality: African Migrants in Interracial Same-sex Partnerships"
12905370512735564098,Q2656122,Dom people,R1,do people,"Ecosystem Services, Wellbeing and Justice: Developing Tools for Research and Development Practice"
12905654806156803968,Q125564,Manx people,R1,many people,Between Magna Carta and the Parliamentary State: the Fine Rolls of King Henry III 1248-1272
12906251638928975278,Q125564,Manx people,R1,many people,Informal entrepreneurship as a sign of lack of social inclusion in continuing training
12908334552219189091,Q7325,Jewish people,R1,the news,PROFS - New Approach for Weldability and Process Robustness Testing for spot welding
12924603365928524429,Q48199,Sámi people,R2,Same,Same-day Test for Antibiotic Resistance (STAR)
12932970439298239930,Q125564,Manx people,R1,many people,A new approach to European citizenship
12938812375866007336,Q125564,Manx people,R1,many people,A novel Free-Air Diesel and Ozone Enrichment (FADOE) research platform
12943086115688038132,Q7325,Jewish people,R1,the news,Learning In Circles
12955322633280237001,Q125564,Manx people,R1,many people,Lessons from Less Heard
12965929732491076658,Q125564,Manx people,R1,many people,Musical Subjectivities
12969715414668812452,Q125564,Manx people,R1,many people,Teaching And Learning Innovative Skills in Madrid And Vilnius
12972525550064596988,Q7325,Jewish people,R1,the ews,Characterization of the Ews/Fli-1 Chimeric Gene
12972689611504765433,Q7325,Jewish people,R1,the news,CYBER CITIZENS: Intergenerational and Intercultural Media Education and Digital Citizenship
12980088580062362022,Q125564,Manx people,R1,many people,Sm@rtStuff
12983696074244306027,Q125564,Manx people,R1,many people,EpiGrid: Soft and flexible high density electrode grids for epilepsy surgery
12986823940485797265,Q7325,Jewish people,R1,the news,"""Development of the Musical """"Join us and Move!"""" about the History of EU since 1957"""
12994660112375613789,Q125564,Manx people,R1,many people,"Join the revolution, stop the air pollution!"
12996831045028064233,Q125564,Manx people,R1,many people,IDeas against poverty! Citizens with Intellectual Disability act to reduce social exclusion and pove
12999648523386752463,Q125564,Manx people,R1,many people,You Have No Right To Bully Me
13008773490480977276,Q125564,Manx people,R1,many people,Case Study: Cultural Value of Accessible Theatre
13016440296964947926,Q125564,Manx people,R1,many people,"Do rapid detection & isolation of colonised patients reduce MRSA spread? An epidemiological, economi"
13023480959764052767,Q125564,Manx people,R1,many people,Pijn op één lijn
13025119311430762121,Q48199,Sámi people,R1,sams people,SAMS People and the Sea
13027045580928869266,Q125564,Manx people,R1,many people,"Sex, Care, and Robots"
13030557187240451679,Q48199,Sámi people,R2,Same,Boosting the scientific excellence and innovation capacity of 3D printing methods in pandemic period
13044417375364673722,Q125564,Manx people,R1,many people,Non-invasive quantum sensing for continuous glucose monitoring
13052659309668677166,Q125564,Manx people,R1,many people,THE PLACE WHERE WE LIVE!
13074330975385427303,Q125564,Manx people,R1,many people,HomeSense: digital sensors for social research
13077791917130073204,Q125564,Manx people,R1,many people,New opportunities to enhance or extend (mobile) web survey data and get better insights
13078721185650278851,Q125564,Manx people,R1,many people,Refining the construct of resilience and identifying neural markers of resilience in young people
13087433834618284433,Q125564,Manx people,R1,many people,Openness @ Imagine
13091845634575739658,Q125564,Manx people,R1,many people,"GENPATH - A life course perspective on the GENdered PATHways of social exclusion in later life, and "
13094776627352156724,Q48199,Sámi people,R2,Same,Same-sex Family Structures and Child Health: The Role of Family Resources
13102470570806168431,Q125564,Manx people,R1,many people,Brompton power system
13110252473045606609,Q125564,Manx people,R1,many people,The Footprints of Climate Change from Anatolia to Europe
13111164137464034501,Q2656122,Dom people,R1,do people,OVERCOMING BARRIERS TO IDENTITY CHANGE: MINDING THE MOTIVES THAT MATTER
13111663974534265873,Q208551,Laz people,R1,lay people,"Slave Masters and the Language of Self: Traders, Planters and Colonial Agents, 1750-1834."
13112202577757794849,Q125564,Manx people,R1,many people,Khrushchev Modern: Making Home and Becoming a Consumer in the Soviet 1960s
13114966348940689561,Q125564,Manx people,R1,many people,The future of private car ownership: who is breaking up with their car and why?
13118628792619712394,Q125564,Manx people,R1,many people,When Fear is Fun: An Empirical Investigation of Recreational Fear
13125773877293118469,Q125564,Manx people,R1,many people,Go Digital for a Greener Future
13128380555818290748,Q125564,Manx people,R1,many people,Seaweed with many potentials - an exhibition
13138683246129239548,Q125564,Manx people,R1,many people,DATAMIND: The Data Hub for Mental Health Informatics Research and Development
13142933988130408133,Q7325,Jewish people,R1,the news,"The party has a life of its own: Labour's ethos and modernisation, 1983-1997"
13154589312088557889,Q125564,Manx people,R1,many people,PREDICTING MRI ABNORMALITIES WITH LONGITUDINAL DATA OF THE WHITEHALL II SUBSTUDY
13161764684044030166,Q125564,Manx people,R1,many people,Mental health monitoring through interactive conversations
13167909914517671442,Q208551,Laz people,R1,lay people,Lenten Sermon Bestsellers: Shaping Society in Late Medieval Europe (1470-1520)
13176122004652290431,Q125564,Manx people,R1,many people,International Kidney Exchange
13179126373070227466,Q125564,Manx people,R1,many people,Let's speak about disability
13194638013510750429,Q7325,Jewish people,R1,the news,"The Transparent Womb: Gestational Labour, Reproductive Technologies, and the Politics of Visual Cult"
13197650523501371924,Q125564,Manx people,R1,many people,Meppen supports tolerance
13208780594843465981,Q125564,Manx people,R1,many people,Sustainable Festival EU
13212927588765489924,Q125564,Manx people,R1,many people,The Durability of immune Responses to vaccination against SARS-CoV-2 and its Variants.
13222415574637982466,Q125564,Manx people,R1,many people,Neutralising the harmful effects of dental biofilms by bacterial replacement therapy
13227503015442247175,Q2656122,Dom people,R1,do people,The Sociality of Tax: A Multiperspective Study of Fiscal Relations (SocTax)
13234006339265549806,Q2656122,Dom people,R1,do people,PRiMMA: Privacy Rights Management for Mobile Applications
13237303933066386442,Q125564,Manx people,R1,many people,Reliable evaluation of associations between Lp-PLA2 markers and the risk of cardiovascular outcomes
13241012942875811854,Q7325,Jewish people,R1,the news,Enhancing emotion-regulation in adolescence: A developmental window of opportunity
13242423939595069664,Q125564,Manx people,R1,many people,A diversity that can connect.
13252584175716890680,Q2656122,Dom people,R1,do people,Hearing in a social context: Understanding predictive mechanisms in communicative interaction
13255717940991002518,Q125564,Manx people,R1,many people,The struggle to control public sector values: Professionalism and Managerialism on a crash course?
13260133116775586469,Q125564,Manx people,R1,many people,Understanding and modelling the Microbial Carbon Pump under changing nutrient concentrations and tem
13263323660485916647,Q125564,Manx people,R1,many people,"Evaluation of Mapmydiabetes, the NICE-endorsed diabetes self-management education platform"
13263698640622328635,Q7325,Jewish people,R1,the news,SPECIAL PARENTS-SPECIAL KIDS-EQUAL TREATMENT
13269225229947520726,Q125564,Manx people,R1,many people,CD4+ T cell-independent production of allo-antibodies in transplantation: mechanisms and therapeutic
13275674672420105590,Q7325,Jewish people,R1,the news,Changing the media diet - Investigating the power of the news media to prevent obesity
13301757598713050835,Q125564,Manx people,R1,many people,The Gates of Vienna
13312898408930376000,Q125564,Manx people,R1,many people,ViAjeRo: Virtual and Augmented Reality passenger experiences
13324911774113133880,Q125564,Manx people,R1,many people,"&quot;As Above, So Below&quot;: Contemporary British Cosmologies of Spirituality and the New Age"
13334910920496158195,Q7325,Jewish people,R1,the news,Smart e-Learning Methods for Supporting Education of Mathematics in PrimarySchools
13337036913930407206,Q7325,Jewish people,R1,the news,disconnections between young people and politics/citizenship - the interference of the news media an
13339204655469106954,Q2656122,Dom people,R1,do people,The demise of the informal city? Economic growth and street work in urban Africa
13343435962268376787,Q7325,Jewish people,R1,the news,New Media in Democratic Societies
13346952705974290034,Q7325,Jewish people,R1,the news,"PEARLS (Peer Education, Active and Reflective Learning Strategies)"
13351386074629220093,Q2656122,Dom people,R1,do people,Local concerns with the global climate: An exploration of community-led ecological management in res
13351829009361008472,Q125564,Manx people,R1,many people,Political Activism and Critical Thinking
13352258282769693808,Q125564,Manx people,R1,many people,"Mixed species forest management: Lowering risk, increasing resilience (REFORM)"
13369879895295403665,Q7325,Jewish people,R1,the news,Centre for the Evaluation of Complexity Across the Nexus (CECAN)
13372052514993336046,Q7325,Jewish people,R1,the news,"Narco-Mex: Drugs and the Making of Modern Mexico, 1910-2012"
13375429630623741826,Q125564,Manx people,R1,many people,DEvelopment of professional Skills for the use of Urban solid Wastes and Organic Wastes in agricultu
13380515204824799056,Q125564,Manx people,R1,many people,Dream a little dream
13380515204824799056,Q7325,Jewish people,R1,the news,Dream a little dream
13386695746177175625,Q125564,Manx people,R1,many people,Co-developing an Online Rare Disease Carer Support Tool in Northern Ireland (RD-CaST-NI)
13391884827981907454,Q125564,Manx people,R1,many people,When health education becomes unhealthy: An exploration into Orthorexia Nervosa in Swedish schools
13403634266725907004,Q2656122,Dom people,R1,do people,&quot;Animal spirits&quot; and hormones: understanding trust in interpersonal interactions
13420300975060918313,Q125564,Manx people,R1,many people,Increased Collaboration in Precision Health between Sweden and California
13437517382535346348,Q125564,Manx people,R1,many people,Molecular and cellular dissection of morning and evening chronotypes in drosophila melanogaster
13444589082913457438,Q125564,Manx people,R1,many people,Handmade for a Green Economy
13453329473056341538,Q125564,Manx people,R1,many people,It is OK!
13455708737465835665,Q125564,Manx people,R1,many people,Enrichment of Poor Readers
13457987744204382049,Q125564,Manx people,R1,many people,Acquiring knowledge of European standards for development cosmetic products of organic origin
13462519598892294438,Q125564,Manx people,R1,many people,Investigating genetic architecture of extreme and unexpected phenotypes using phenotype prediction i
13468739585230416825,Q7325,Jewish people,R1,the jets,Unveiling the Local Population of Compact Binary Mergers
13480455273652888420,Q125564,Manx people,R1,many people,PROMOTING HEALTHY EATING AND PHYSICAL ACTIVITY FOR HEALTHIER NATIONS; MAKE A DIFFERENCE IN YOUR SCHO
13492625791320408477,Q7325,Jewish people,R1,the news,The epistemologies of digital news production
13492783002784933151,Q7325,Jewish people,R1,the news,Terahertz electron paramagnetic resonance: A window on biological exploitation of quantum mechanics
13498607423992513914,Q125564,Manx people,R1,many people,Research Fellowship
13506720638399736611,Q125564,Manx people,R1,many people,Open Parliament Cyprus
13508218431153968733,Q2656122,Dom people,R1,do people,Understanding and managing intra-state territorial contestation: Iraq's disputed territories in comp
13509306811852419231,Q125564,Manx people,R1,many people,3D Liver Organoids: Modelling Host Hepatitis B Virus Interaction
13522320045735950020,Q125564,Manx people,R1,many people,I.C.T. (I Can Teach) ADULTS
13531203762585713651,Q125564,Manx people,R1,many people,Entrepreneurial Competences in Vocational Educational Training.
13532456438562976345,Q125564,Manx people,R1,many people,Framework for Rapid Acceptance of Technology
13540119632959350940,Q7325,Jewish people,R1,the jets,Re-creating the physics of astrophysical jets in laboratory experiments
13540641005827032777,Q125564,Manx people,R1,many people,Glycosphingolipid recycling in health and disease: the GALC-SapA lipid processing complex
13549593249273672948,Q7325,Jewish people,R1,the news,The trade fairs of transitions
13555448586749720043,Q125564,Manx people,R1,many people,The Communicating Organizational Socialization (COORSO) Network
13565570623332924497,Q7325,Jewish people,R1,the jets,Astronomy at the Open University 2020-2023
13571940964499583975,Q125564,Manx people,R1,many people,"Performing Empowerment: Disability, Dance, and Inclusive Development in Post-Conflict Sri Lanka"
13582985956703718656,Q7325,Jewish people,R1,the news,Responsible adoption of visual surveillance technologies in the news media
13590116412129009950,Q48199,Sámi people,R2,Same,Is Marriage a Turning Point in Criminal Behavior? A Comparison of People in Same-Sex and Different-S
13593216329830972027,Q125564,Manx people,R1,many people,EU'R'AQUATIC
13593216329830972027,Q2656122,Dom people,R1,do people,EU'R'AQUATIC
13598120939029566736,Q125564,Manx people,R1,many people,Proliferum M: Reinventing growth media for the cultivated meat industry.
13603559807922278486,Q125564,Manx people,R1,many people,Manipulating molecules with optical fields
13610064534758348338,Q48199,Sámi people,R2,Same,PROGRESS: PRevention of cervical cancer using the Genotyping scREening and Same-day Self-sampling
13611833198302728549,Q125564,Manx people,R1,many people,Reversed Perspectives and Intercultural Dialogues: Qualification of Bulgarian Language and Literatur
13615333406460993210,Q125564,Manx people,R1,many people,"The Diet, Material Culture and Earnings of the Labouring Poor in England 1550-1780"
13631296087967800539,Q7325,Jewish people,R1,the news,Nutrient Export by Rivers to Coastal Waters of China: An Integrated Modeling Approach
13654891981120025043,Q125564,Manx people,R1,many people,Boosting Cultural and Creative Entrepreneurial Mindset of Youth
13654954255302562263,Q7325,Jewish people,R1,the news,Cross-Lingual Embeddings for Less-Represented Languages in European News Media
13655851515132356427,Q48199,Sámi people,R2,Same,Disloyalty Ascribed: Russian-Speaking Men Experiencing Same-Sex Desire in Latvia
13662141633727579349,Q125564,Manx people,R1,many people,Data Resonance
13666119661225190946,Q7325,Jewish people,R1,the news,Right-wing populism in the news media: A cross-cultural study of journalist practices and news disco
13683262109033818899,Q7325,Jewish people,R1,the news,Robo-Lab and Augmented Reality for Edu-Innovation
13684156861844571385,Q125564,Manx people,R1,many people,Mutations in ubiquitin proteasome pathway genes as a cause of frontotemporal dementia and motor neur
13688857588239860190,Q125564,Manx people,R1,many people,A Danish pragmatic randomized trial of nutritional supplements in heart failure (DANUTRIO-HF)
13691947056060870340,Q7325,Jewish people,R1,the news,Advancing Diversity &amp; Inclusion in Journalism
13697689849802134618,Q7325,Jewish people,R1,the ews,Early warning system for coastal risks induced by storms
13709968475119810508,Q125564,Manx people,R1,many people,Diversities@Work - Reducing LGBT Discrimination and Improving Diversity in Workplace. Counselling an
13713899253065536815,Q2656122,Dom people,R1,do people,Why do people remember dynamic images better than static images?
13715929567657426066,Q125564,Manx people,R1,many people,Virtual Embodied Reminiscence Therapy in Extended Reality
13720192187712794557,Q7325,Jewish people,R1,the news,Journalism as Artistic Practice
13720896082841896749,Q125564,Manx people,R1,many people,"The power of 'suggestion': an ethnographic study of therapeutic vernacularisation, sociality, and go"
13721903285365382862,Q125564,Manx people,R1,many people,"Using people well, treating people badly: Towards a Kantian Realm of Ends and Means"
13722147703647754213,Q125564,Manx people,R1,many people,Inclusive Curated Business Toolkit
13723368187561425916,Q2656122,Dom people,R1,do people,Legal Decision-Making in Dementia: A Conversation Analytic Study
13728077642966965512,Q7325,Jewish people,R1,the news,"Media Coverage as a Catalyst for Economic Crises? Causes, Content and Consequences of Economic News "
13739936056528114749,Q125564,Manx people,R1,many people,Graffiti Art Takes the Street
13756646572471001904,Q7325,Jewish people,R1,the news,The cinema as &quot;time-capsule&quot;: using film to capture vanishing worlds
13762344316253243485,Q7325,Jewish people,R1,the news,Responsive Additive Manufacture to Overcome Natural and Attack-based disruption (RAMONA)
13765862143912062715,Q125564,Manx people,R1,many people,The consequences of working in multiple teams at the same time
13773404624922695318,Q125564,Manx people,R1,many people,FAST TRACK - Helping Adults Identify and Get on the Right Career Path
13779220148131591088,Q125564,Manx people,R1,many people,Understanding how an MLH1 promoter polymorphism predisposes to colorectal cancer
13784170996841383887,Q48199,Sámi people,R2,Same,"Estimating the Impact of a Multilevel, Multicomponent Intervention to Increase Uptake of HIV Testing"
13786234291678234802,Q7325,Jewish people,R1,the jaws,Pathophysiologic mechanisms during initiation of medication related osteonecrosis of the jaws
13796812862968737927,Q48199,Sámi people,R2,Same,Design Loop based on Same Solid Mesh
13799028139813172666,Q125564,Manx people,R1,many people,The RTI FoF: Reflectance Transformation Imaging Follow-on Funding project
13810416821584383416,Q125564,Manx people,R1,many people,Trauma-focused CBT & exercise for chronic whiplash: addressing all aspects of a chronic condition
13823139602127048966,Q125564,Manx people,R1,many people,BEAT - BE(come) A Tutor - Professionalization in the Tutoring sector
13829459310988205151,Q125564,Manx people,R1,many people,Open Your Arms For Who Need Them
13834105388516503397,Q7325,Jewish people,R1,the news,How Issues Make the News: A Comparative Analysis of the Causes and Consequences of Media Attention i
13842372817731898169,Q257528,Suits,R1,suit people,"Adaptation, testing and evaluation of an internet-based program for reducing cardiac distress in peo"
13849162877449773812,Q2656122,Dom people,R1,do people,Vice Epistemology
13857811300906264141,Q125564,Manx people,R1,many people,Strategic Project - UI 436 - 2011-2012
13871364327071776013,Q125564,Manx people,R1,many people,Overcoming misperceptions to increase the impact of individual climate action
13882358928187266473,Q7325,Jewish people,R1,the news,American Newspaper Publishers: A National Study of Ideological Management and Class Bias in the News
13886130317307922883,Q7325,Jewish people,R1,the jets,Very-high-energy gamma ray emission from AGN jets
13901805476753169272,Q125564,Manx people,R1,many people,Controlling Cartilage to Bone Transitions for Improved Treatment of Bone Defects and Osteoarthritis
13919878451947281654,Q125564,Manx people,R1,many people,"Measuring Political Debate: Responsiveness, Influence, and Rhetoric in Parliamentary Texts"
13921601764612453845,Q125564,Manx people,R1,many people,"Culture, coexistence and language through cultural heritage and regional characteristics all over Vu"
13923736855992680727,Q125564,Manx people,R1,many people,Multicultural Aspects in our schools
13925584433774670966,Q125564,Manx people,R1,many people,Entrepreneurship in Homes and Neighbourhoods
13933040863600376731,Q7325,Jewish people,R1,the news,Journalism and media products developed for the future digital media market
13937531472649207858,Q7325,Jewish people,R1,the news,Newton-Bhabha Virtual Centre on Nitrogen Efficiency of Whole-cropping Systems for improved performan
13942576204640672364,Q125564,Manx people,R1,many people,Investigating Novel Roles of Integrins in Type 2 Immunity and Asthma
13947791829572496309,Q125564,Manx people,R1,many people,"Bridging the gap between Mind, Brain and Body: exosome role and monitoring"
13949395402070745726,Q125564,Manx people,R1,many people,Information bias in depression
13950480147483315831,Q415693,Akan people,R1,aian people,Co-designing a Technology-based Health Research Results Dissemination Tool with AIAN People
13960443252879261927,Q48199,Sámi people,R1,same people,Development of Atomiser Nozzle Design to increase Yield (DANDY)
13984621569051344267,Q125564,Manx people,R1,many people,Solidarity Economy in Croatia: Anthropological Perspective
13987443633276926661,Q125564,Manx people,R1,many people,Anti-viral immunity in asthma: a detailed assessment of TLR7 function and the regulation of interfer
13993634256011692592,Q125564,Manx people,R1,many people,Affective regulation of neural activity during emotion.
14002771039781170272,Q208551,Laz people,R1,lay people,Communicating air pollution as a health risk - Towards a participatory approach
14004255300423680223,Q125564,Manx people,R1,many people,Pulmonary rehabilitation delivered in low resource settings for people with chronic respiratory dise
14007121902110095274,Q7325,Jewish people,R5,hebrew,Theoretical Computer Science at Hebrew University
14013351867669262602,Q125564,Manx people,R1,many people,Parents´ occupation with the mobile phone
14026847547118434047,Q125564,Manx people,R1,many people,Connected Communities: Imagining the Place of Home
14043594192732207153,Q7325,Jewish people,R1,the news,"Pervasive, Reliable, and Measurable Incident Response"
14048664458481860556,Q125564,Manx people,R1,many people,"Causes and consequences of mental disorders, cognitive decline and dementia over the adult life cour"
14052650204897928050,Q125564,Manx people,R1,many people,Now I understand you (and I'm in)!
14060017751771978248,Q125564,Manx people,R1,many people,Inhibition of interferon-?/? induction by Ross River virus
14076134937511089574,Q125564,Manx people,R1,many people,"Coreo - A platform for collecting, improving, managing and maintaining geospatial data"
14079474092197319929,Q125564,Manx people,R1,many people,"""""""SENIORS IN A CULTURE ROAD OF AWARENESS VIA THE MODERN AND INTERCULTURAL DIVERSITY"""""""
14080572396647710791,Q125564,Manx people,R1,many people,A New History of Apartheid
14080879504078999756,Q7325,Jewish people,R1,the news,"Encounter, understand and appreciate"
14082572026663268848,Q125564,Manx people,R1,many people,From pills to bio-electronics: a wearable neurostimulator for the personalised treatment of chronic 
14099721501073426717,Q7325,Jewish people,R1,the ews,"The interface of transcription, DNA damage and epigenetics: A therapeutic vulnerability of the EWS-F"
14102308227839132971,Q7325,Jewish people,R1,the news,New Education With Success
14116184796603341561,Q125564,Manx people,R1,many people,Flu Watch 2008-09
14125458237943674254,Q7325,Jewish people,R1,the news,Using lightweight electroencephalography (EEG) to exploit the fringe P3 response
14128059001013946570,Q125564,Manx people,R1,many people,Taxi fares with image recognition cameras in Amsterdam
14130291169268496984,Q2656122,Dom people,R1,do people,Discovery Projects - Grant ID: DP150104206
14134254866974337485,Q125564,Manx people,R1,many people,Informal and formal search methods: A study of the importance of differences in search behaviour bet
14134370473736411385,Q7325,Jewish people,R1,the news,Information on the digitisation of the Evening News
14140890553684165074,Q7325,Jewish people,R1,the jaws,Pathophysiologic Mechanisms of Bisphosphonate Related Osteonecrosis of the Jaws
14140994888304836303,Q7325,Jewish people,R1,the news,Watch Out World
14147353078272151590,Q125564,Manx people,R1,many people,On the side of the inhabitants
14147935829901689478,Q208551,Laz people,R1,lay people,Disobedient Buildings
14151521374665524136,Q7325,Jewish people,R1,the ews,Development of Trabectedin Analogs that Target the EWS-FLI1 Transcription Factor
14159113371304037293,Q2656122,Dom people,R1,do people,What shapes the structure of language? An experimental and computational investigation
14164833279379928048,Q273824,South Slavs,R1,south slav,Translating the Literatures of Small European Nations
14167886029924441484,Q2656122,Dom people,R1,do people,"Evolutionary stability, observability, and efficiency"
14175573404497043576,Q125564,Manx people,R1,many people,Randomised trial of Blood pressure Rapid Intensive Lowering And Normal Treatment for Mood and Cognit
14182869987633022665,Q125564,Manx people,R1,many people,Studying Innovative Methods of Education for Languages through Theatrical Activities
14191048860112919026,Q2656122,Dom people,R1,do people,"The APPLE Tree programme: Active Prevention in People at risk of dementia through Lifestyle, bEhavio"
14191962709915489451,Q125564,Manx people,R1,many people,International Serological Standard for Plague
14196384686264034504,Q125564,Manx people,R1,many people,Code for the Environment
14201281706185774644,Q125564,Manx people,R1,many people,Literature under Constraint
14206557422097890582,Q125564,Manx people,R1,many people,Molecular Mechanisms underlying the Interaction of Salmonella Enteritidis with the Hen Oviduct and S
14213428741869188386,Q125564,Manx people,R1,many people,14C as a tool to trace terrestrial carbon in a complex lake: implications for food-web structure and
14229202754480434076,Q125564,Manx people,R1,many people,Healthy Living Challenge
14230230966915081590,Q7325,Jewish people,R1,the news,Swedish Innovation Award 2014
14232645818322458374,Q7325,Jewish people,R1,the jws,SDG4Youth
14241134656134699730,Q125564,Manx people,R1,many people,Understanding and assisting difficulties with everyday spatial navigation
14241973419791700750,Q2656122,Dom people,R1,do people,"Place, crime and insecurity in everyday life: A contemporary study of an English town"
14248186823059739585,Q125564,Manx people,R1,many people,"How much warmer is one degree? Sensitise and empower low-level educated citizens, refugees and migra"
14248990875279354282,Q125564,Manx people,R1,many people,Re-shaping the Expected Future: Novel Interaction Techniques for Base of the Pyramid Users and Chall
14254875526725761396,Q125564,Manx people,R1,many people,Affective regulation of neural activity during emotion.
14256660525883389845,Q125564,Manx people,R1,many people,"Medical Pluralism at the Periphery: Health, Modernity and Ethnicity in Guangxi, China, 1920s-1950s"
14259981296697124241,Q125564,Manx people,R1,many people,"Empowering Adults for Workforce Reentry: Bridging Gaps, Building Strengths"
14270344895731265291,Q125564,Manx people,R1,many people,EUROIMPACT PLUS
14272307006045939344,Q125564,Manx people,R1,many people,Renewal of the Network of Hubs for Trials Methodology Research.
14279380974667931219,Q208551,Laz people,R1,lay people,"The commemoration of the dead in late antique Egypt: Social, economic and liturgical features"
14289375970467568399,Q125564,Manx people,R1,many people,"Traditions, Recipes and Cuisines of Europe using Smartphones"
14294057222935048674,Q125564,Manx people,R1,many people,Climate-scale analysis of changing air and water masses
14297944005521642967,Q125564,Manx people,R1,many people,The Academy of Biostimulant
14309761076121259375,Q125564,Manx people,R1,many people,Two-way risk communication mobile application versus traditional methods of adverse drug reaction re
14318284503613251534,Q125564,Manx people,R1,many people,Ablemind method: Creating value in mental health care with data-driven insights
14318291597904907194,Q125564,Manx people,R1,many people,Developing rice resources for resilience to climate change and mitigation of carbon emissions
14318632922132822990,Q125564,Manx people,R1,many people,Next UPPS - Integrated design methodology for Ultra Personalised Products and Services
14326244523786892259,Q125564,Manx people,R1,many people,Let's Fight through Awareness Knowledge and Education
14332473187305093305,Q125564,Manx people,R1,many people,Using nanosyringes to cure infectious diseases
14338022686291309724,Q48199,Sámi people,R2,Same,"We Teach the Same Things, Yet Differently"
14346500392091302551,Q125564,Manx people,R1,many people,Towards a European Framework of Reference for the Education and Training of Literary Translators
14358240217696092873,Q125564,Manx people,R1,many people,“Legal Education Academy”
14366290338818649106,Q48199,Sámi people,R2,Same,Same same but different: A creative investigation through ceramics and glass into women with neurodi
14370307287288465495,Q48199,Sámi people,R2,Same,Combined Approximate Dynamic Programming for Dynamic Same-Day Delivery
14373935974118577937,Q125564,Manx people,R1,many people,With the wind in grey hair - promotion of active life after 60
14379980496857702222,Q7325,Jewish people,R1,the news,The Political Economy of Media Bias
14388631776417497543,Q7325,Jewish people,R1,the news,The news media as simulators of the power of journalists
14388669119034162554,Q125564,Manx people,R1,many people,Plasma-cell depletion therapy for severe Graves' disease
14394264382905988103,Q125564,Manx people,R1,many people,Human Enhancement Technologies: Bringing the Regulation Debate into the Public Eye
14395049126725006761,Q7325,Jewish people,R1,the news,The Novelty of Newspapers: Victorian Fiction after the Invention of the News
14398910699660774101,Q208551,Laz people,R1,lay people,Support for Newcastle Brain Tissue Bank
14402435280304098551,Q125564,Manx people,R1,many people,Towards an Understanding of the Neurophysiology of the Human Cough Reflex
14403516604471372501,Q125564,Manx people,R1,many people,"FOIP: FIIP: What is private, what is public and what is professional? - Work life relations between "
14406701909238879197,Q48199,Sámi people,R2,Same,A practical toolkit for integrating elearning in Higher Education Curricula
14406828482492222591,Q125564,Manx people,R1,many people,CHAIN - Cooperation for Holistic Agriculture Innovation Nests in Sub-Saharan Africa
14407477038941758843,Q7325,Jewish people,R1,the news,Social movements and the construction of the child and adolescent agenda in the news media - a compa
14412466830508110559,Q125564,Manx people,R1,many people,ECO_Tag: ACHIEVING SUSTAINABLE CULINARY CENTRES
14414470748783844764,Q125564,Manx people,R1,many people,GRANI- security mechansim that saves lives in equestria
14415894031382333458,Q125564,Manx people,R1,many people,To investigate the performance of scanning laser polarimetry and scanning laser ophthalmoscopy in gl
14432889721976355287,Q125564,Manx people,R1,many people,Diet Exercise and ARmodafinil for obstructive sleep apnea (OSA) patients who cannot use standard tre
14445011907369907333,Q125564,Manx people,R1,many people,CHEST Australia
14447642226869440307,Q125564,Manx people,R1,many people,Puzzling Europe
14447649497058997524,Q125564,Manx people,R1,many people,Keep on Dancing!
14448854435363210085,Q7325,Jewish people,R1,the news,Cross Disciplinary Thinking about 'Antisocial Personality Disorder'.
14457050068336933309,Q7325,Jewish people,R1,the news,Open up and reach out​ - developing diverse communities
14457197939065601367,Q125564,Manx people,R1,many people,Disovery of new airway epithelial genes regulating allergic inflammation
14463245381328365083,Q7325,Jewish people,R1,the ews,"The interface of transcription, DNA damage and epigenetics: A therapeutic vulnerability of the EWS-F"
14469129957373623305,Q208551,Laz people,R1,lay people,Making sense of climate change. A study of the formation and maintenance of social representations.
14471308289074363416,Q125564,Manx people,R1,many people,Green School Project
14477122151030245255,Q7325,Jewish people,R1,the news,Displaced in Media - building an infrastructure to support participation of young refugees through m
14484856471071308444,Q125564,Manx people,R1,many people,Putting discourse particles in context: How people with acquired communication disorders use discour
14486099717032694933,Q125564,Manx people,R1,many people,Yaan Store
14498290923505674132,Q125564,Manx people,R1,many people,Healthy Generation
14501813850744992978,Q7325,Jewish people,R1,the news,Change Yourself Not Nature
14502801866211725810,Q125564,Manx people,R1,many people,Molecular role of metal-induced complement protein aggregation in age-related macular degeneration
14510315790293850121,Q125564,Manx people,R1,many people,Universal carbon avoidance and sequestration remote monitoring
14532238313320047987,Q125564,Manx people,R1,many people,English Lessons with the Use of Songs for People with Mild Cognitive Impairment
14554263377853671279,Q125564,Manx people,R1,many people,DO MORE of what matters -training program for volunteers.
14554444535517294118,Q125564,Manx people,R1,many people,In love with your shape
14562870389707555755,Q125564,Manx people,R1,many people,MRes/PhD Anthropology
14572679135124938489,Q7325,Jewish people,R1,the jets,Supermassive black hole growth - a small-scale solution to a large-scale problem
14578411608373813405,Q2656122,Dom people,R1,do people,"Reflecting social inequalities: diversity, identities and politics in a comparative context"
14582198639145212869,Q48199,Sámi people,R2,Same,Accuracy of Same-sex Couples Data in the American Community Survey
14584828428426271477,Q125564,Manx people,R1,many people,Act 4 Non Toxic Lifestyle
14590795582365854693,Q48199,Sámi people,R1,same people,Inclusive Higher Education Systems for students with intellectual disabilities (IHES)
14593959562729183616,Q125564,Manx people,R1,many people,Hawking - How massive are debris discs? Weighing a fundamental component of planetary systems
14594794966753028807,Q125564,Manx people,R1,many people,Streamlining Tasks and Roles to Expand Treatment and Care for HIV
14595998659733624221,Q2656122,Dom people,R1,do people,Why do people expect antibiotics when they should not?
14604709015660384850,Q7325,Jewish people,R1,the news,Branding4U
14606585175929325899,Q125564,Manx people,R1,many people,Towards an Understanding of the Neurophysiology of the Human Cough Reflex
14615361002089388271,Q7325,Jewish people,R1,the jets,Acoustic Measurements of Swirling Jets
14624342141854929047,Q125564,Manx people,R1,many people,Moving from China to York: How do changes in language experiences modulate bilingual language contro
14626596481245307017,Q7325,Jewish people,R1,the news,Antigen: Bodies of resistance in the modern world
14629016152428292122,Q125564,Manx people,R1,many people,An acceptability and governance foundation for linking participant retailer loyalty card records to 
14633575704268763816,Q2656122,Dom people,R1,do people,A novel sensory nerve stimulator to improve neuropathy in patients with diabetes
14634419658027645826,Q48199,Sámi people,R2,Same,Healthy EU
14641979154307419539,Q125564,Manx people,R1,many people,Recover outdated machines using arduino for scalling up ESTEAM and green skills in VET students
14693622013977618706,Q7325,Jewish people,R1,the news,Search for light Dark Matter with a Spherical Proportional Counter
14693786010987867960,Q2656122,Dom people,R1,do people,WHEN DO PEOPLE LEARN? CONTEXTS FOR SKILL ACQUISITION
14695165788239376161,Q7325,Jewish people,R1,the ews,Towards Forecast-based Preparedness Action (ForPAc): Probabilistic forecast information for defensib
14700987777443876042,Q7325,Jewish people,R1,the news,Enhancing and Redirecting Cyanobacterial Electron Flow (Bioelectricity Spotlight)
14702163072533397213,Q7325,Jewish people,R1,the news,Unmask fake news to be a fairly informed european citizen
14703932978890768734,Q208551,Laz people,R1,lay people,Centre for Research and Intervention in Education
14708132793324756447,Q48199,Sámi people,R2,Same,SBIR Phase I: A Web-Based Automatic Database for An Electrical Power System Open Access Same-Time In
14714952627423112814,Q125564,Manx people,R1,many people,Late-stage Functionalisation of Heteroarenes and Saturated Heterocycles by Electrochemically-generat
14716429102871428634,Q48199,Sámi people,R2,Same,"Improvisation joins us , gives us inspiration.Professional development of music teachers with the fo"
14719261817395385305,Q125564,Manx people,R1,many people,MICA ADVANTAGE visceral pain consortium: Advanced Discovery of Visceral Analgesics via Neuroimmune T
14732804012854519039,Q125564,Manx people,R1,many people,Fish Oil in the treatment of knee osteoarthritis
14738963053475919767,Q125564,Manx people,R1,many people,The Coordination Association of the City of Stockholm tests the cooperation
14751649011192788672,Q48199,Sámi people,R2,Same,"SGER: The Impact of the September 11, 2001, Terrorist Attacks on American Metropolitan Household Dec"
14761085132738644504,Q208551,Laz people,R1,lay people,Creatures of Sorrow: Lay experiences of melancholy in early modern Scandinavia
14762538180824442097,Q7325,Jewish people,R1,the jets,Understanding Blazar Jets - The OVRO 40-m Blazar Monitoring Program
14781501385205794201,Q125564,Manx people,R1,many people,Crystallography for biology - as easy as EBSD
14782484866555558467,Q125564,Manx people,R1,many people,DIGITAL SYSTEMS FOR A SMART APPROACH TO ART
14793019581152452364,Q125564,Manx people,R1,many people,Developing stem cell-derived macrophages to study host pathogen interactions and advance strategies 
14799742520287257169,Q125564,Manx people,R1,many people,Using genetic variants as a treatment decision aid for the optimization of antipsychotic treatments:
14802364193952098702,Q125564,Manx people,R1,many people,We are Europe!
14820136265105572285,Q125564,Manx people,R1,many people,"The Consortium on Risk in the Environment: Diagnostics, Integration, Benchmarking, Learning and Elic"
14849986061859190789,Q7325,Jewish people,R1,the news,"Immigrants, Asylum Seekers, and Refugees during the EU’s Migration Crisis: Analysing Their Framing a"
14852755821723548376,Q7325,Jewish people,R1,the news,EPSRC Compound Semiconductor Manufacturing Hub for a Sustainable Future
14858280704880629680,Q125564,Manx people,R1,many people,Our New Life in Noxious Epidemic
14861586792778467356,Q125564,Manx people,R1,many people,Novel regulators of fat cell differentiation
14866592105443922355,Q125564,Manx people,R1,many people,Improving Understanding and Diagnosis of Jet-Stream Turbulence
14870299262256509602,Q48199,Sámi people,R2,Same,Surrealism and Same-Sex Desire
14871850427475007530,Q125564,Manx people,R1,many people,Anxiety and life-course mortality.
14874693845514788373,Q7325,Jewish people,R1,the news,Detecting Patient Deterioration using Bodytrak&reg;
14877394511676917308,Q125564,Manx people,R1,many people,Transnational approaches and multi-perspective methods in history teaching
14891306182741647352,Q125564,Manx people,R1,many people,"Ecstasy, methamphetamine and their combination: Assessment of adverse effects"
14892490938208212544,Q125564,Manx people,R1,many people,Affordable living - Coliving for Elderly Women
14895237063668609649,Q125564,Manx people,R1,many people,Beyond the MSM: Understanding the rise of alternative online political media
14895971445364008717,Q125564,Manx people,R1,many people,2030 Goals How can the European Commission's 2030 sustainable development goals be met?
14896294875602862661,Q7325,Jewish people,R1,the ews,Dissection of the EWS-FLI1 oncogenic pathway by RNAi
14903050471605323075,Q7325,Jewish people,R1,the news,Disaster Journalism: Preventing the News from Turning into a Disaster
14912058767832416366,Q7325,Jewish people,R1,the news,EXPOSING: The Public Value of Socio-Mediated Scandals in the Digital Age
14926267594567637149,Q125564,Manx people,R1,many people,New method to treat perspiration and itching
14930411017273513016,Q7325,Jewish people,R1,the jets,Dynamics of detonation in heterogeneous medium
14932261275776247009,Q208551,Laz people,R1,lay people,Meet the Toxic - Live Safely
14932261275776247009,Q2656122,Dom people,R1,do people,Meet the Toxic - Live Safely
14937883500682544128,Q125564,Manx people,R1,many people,I am where I am not. What are the relationships between Irish Protestant identity and Orange Halls?
14947010066884451963,Q125564,Manx people,R1,many people,Promoting Independence Through quality dementia Care at Home (PITCH)
14952975933449667685,Q125564,Manx people,R1,many people,Attentional effects on prepulse inhibition of the acoustic startle reflex in patients with schizophr
14960777015695115495,Q125564,Manx people,R1,many people,Counting the uncounted: Estimating Enslaved Lives in Suriname (1650-1863)
14977309518738426452,Q125564,Manx people,R1,many people,"Historical borders in Europe: Ancient limits, New Opportunities"
14984772518569087377,Q125564,Manx people,R1,many people,STREAM thiS TEAM
14998184017961935050,Q2656122,Dom people,R1,do people,"&quot;Do you take sugar?&quot; Value, consumption, and sugar politics in Scotland"
15006004006251278630,Q125564,Manx people,R1,many people,AI-powered legal sector productivity enhancing solution for post Covid-19 response
15009445129381464055,Q125564,Manx people,R1,many people,The C-type lectin Mincle exemplifies a new mode of sterile inflammation in cardiovascular disease
15018013785645685966,Q2656122,Dom people,R1,do people,Neuro-computational mechanisms of information acquisition and integration in social contexts
15039966019130142856,Q125564,Manx people,R1,many people,Recognition of non-emotional bodily states in the self and others: A novel investigation in autism a
15058727745292787265,Q7325,Jewish people,R1,the news,Biodegradable hybrid screws for ligament-bone interface regeneration
15073841201330188332,Q125564,Manx people,R1,many people,Participate: Pervasive Computing for Mass Participation in Environmental Monitoring
15079330089711644265,Q48199,Sámi people,R2,Same,"Same, same but different? Multiplex networks in Swiss and German Climate Mitigation Policy"
15080597294834750268,Q125564,Manx people,R1,many people,Metabonomic and genetic profiling in severe alcoholic hepatitis
15085152782722850730,Q125564,Manx people,R1,many people,Education on the cultural heritage of Slovaks
15087242743630510064,Q48199,Sámi people,R2,Same,"Same problem, different perception? An experimental research on attributes of political issues"
15091739417671482509,Q125564,Manx people,R1,many people,Labour Policies for Inclusive Growth
15100125069644689653,Q125564,Manx people,R1,many people,Recharge the world
15100361426406159717,Q125564,Manx people,R1,many people,RoboPOWER
15104837829896719536,Q7325,Jewish people,R1,the news,"Representations of trade unions in the British press, 2000-2020"
15107901404573134320,Q125564,Manx people,R1,many people,The Enteroendocrine System in Health and Disease
15108396678414805922,Q48199,Sámi people,R1,same people,Investigating the relationship between active commuting and cardiovascular disease in the UK: Longit
15116335090141684023,Q125564,Manx people,R1,many people,Exploring the Impact of Social Media on Care Experienced Young People's Self-View and Mental Wellbei
15119064342384008541,Q48199,Sámi people,R2,Same,"Other, Alike, The Same"
15121064920262190095,Q48199,Sámi people,R2,Same,Causes and Consequences of Migration in Planthoppers: Alternative Life History Styles on the Same Ho
15121443521415849063,Q125564,Manx people,R1,many people,AI-Enabled Bio-Safety Assessment Tool for Sustainable Building Design in Pandemic Conditions.
15124637038504091755,Q125564,Manx people,R1,many people,Optimising engagement in cardiac secondary prevention: a health literacy approach
15129638738581778264,Q125564,Manx people,R1,many people,The European Gateway
15130566599822151453,Q125564,Manx people,R1,many people,Train the Trainers - Education for the social and professional inclusion of people with autism spect
15132743116565548003,Q125564,Manx people,R1,many people,Developing the intervention &amp; outcome components of a proposed RCT of screening for open angle g
15134647738024718169,Q125564,Manx people,R1,many people,Save the Nature through Education
15136007903179266908,Q125564,Manx people,R1,many people,"Interacting in an accessible manner with disabled youth peers: round tables on awareness creation, f"
15141448836081359338,Q125564,Manx people,R1,many people,"Neuropsychiatric outcomes of traumatic brain injury: incidence, nature and risk factors"
15142736426086527598,Q208551,Laz people,R1,lay people,Improving CPR quality by optimising the language used in CPR instructions
15144383211143153447,Q2656122,Dom people,R1,do people,How do People with Dementia “Age in Place” in Today’s Sweden? A mixed methods study on the adaptatio
15152786292470085344,Q125564,Manx people,R1,many people,All In: Effective Linguistic and Cultural Integration of Immigrants in Europe
15159782727186744294,Q125564,Manx people,R1,many people,Individualized Screening for Glaucoma Using Genetics to Preserve Vision (iSCREEN-G)
15172686267365872309,Q125564,Manx people,R1,many people,Vocational Training in programming Skills Using a Game-based approach
15195828826471719454,Q125564,Manx people,R1,many people,Understanding and improving trust in scientific truths: an experimental approach
15199692964910376303,Q7325,Jewish people,R1,the ews,A collaborative approach to analyze and target the EWS-FLI1 transcription factor in patients with Ew
15204412234751346588,Q125564,Manx people,R1,many people,The Smart snap-on insulin tracker able to manage the insulin intake activity data of diabetes patien
15204477219800490721,Q125564,Manx people,R1,many people,Giving Back - A volunteering Hub to Enhance Social Prescribing in BANES
15211218635868738927,Q7325,Jewish people,R1,the news,Climbing the ladder or falling from grace: How norm violations shape social hierarchies
15212571868904779865,Q125564,Manx people,R1,many people,My Social Housing - Using technology to match and facilitate social housing for the homeless.
15227710507912765615,Q125564,Manx people,R1,many people,Personalised regenerative cell therapy for androgenic alopecia
15231424303695673220,Q125564,Manx people,R1,many people,Instant Knowledge: Secure Autonomic Business Collaboration
15237458308352259366,Q125564,Manx people,R1,many people,m-Africa: Building mobile phone-connected diagnostics and online care pathways to support HIV preven
15243995923381405316,Q125564,Manx people,R1,many people,Sharing the Road: Exploring transitions away from private vehicle ownership through agent-based mode
15244905186305390478,Q125564,Manx people,R1,many people,"Developing low noise coatings for GW detectors, using next generation techniques such as ECR ion-bea"
15247608333564194944,Q2656122,Dom people,R1,do people,Pushed to the edge of society:Social exclusion among older women and men in Sweden
15258996348559553909,Q125564,Manx people,R1,many people,Socially inclusive ageing: a lifecourse study of new ageing populations
15263377904962386349,Q125564,Manx people,R1,many people,Artificial Intelligence posture scanning app with exercise programme for people with back and neck p
15274314248228574384,Q208551,Laz people,R1,lay people,Early detection of epidemics in livestock and wildlife using deep learning
15274434293258794071,Q125564,Manx people,R1,many people,"The Promise of Organization. Political Associations, 1820-1890, Debate and Practice"
15275290592715398164,Q125564,Manx people,R1,many people,Science in the public sphere: Understanding the meanings of &quot;applied science&quot; in the era o
15285713602404995562,Q125564,Manx people,R1,many people,Morphological and spectroscopic study of monozygotic twins discordant for epilepsy
15291159439988050347,Q125564,Manx people,R1,many people,Together towards resilient communities
15301840379572182401,Q125564,Manx people,R1,many people,Opening Inclusion for Equality to Jobs
15302904988537421953,Q48199,Sámi people,R2,Same,"Estimating the Impact of a Multilevel, Multicomponent Intervention to Increase Uptake of HIV Testing"
15310187809167520148,Q7325,Jewish people,R1,the news,"Approaching the negative: The what, when and how of morbid curiosity."
15316779191482093996,Q7325,Jewish people,R1,the news,Responsive RAs for the Birmingham Experimental Particle Physics Programme
15322049554690163381,Q125564,Manx people,R1,many people,Green Oases in the City
15322993935851965514,Q125564,Manx people,R1,many people,"The Consortium on Risk in the Environment: Diagnostics, Integration, Benchmarking, Learning and Elic"
15326210388078027609,Q7325,Jewish people,R1,the news,News journalism and the future of the public in the era of data-fusion
15329118638411455882,Q7325,Jewish people,R1,the ews,Elucidation of New Phosphorylation Site of the EWS/ATF1 Fusion Oncoprotein in Clear Cell Sarcoma
15329641761844747985,Q7325,Jewish people,R5,hebrew,Assessing the biological response to changes in ocean chemistry from increased weathering
15338156726699597715,Q2656122,Dom people,R1,do people,Pathways to understanding the changing climate: time and place in cultural learning about the enviro
15343273272232632681,Q125564,Manx people,R1,many people,Strategies for optimal biological imaging
15343774836794555337,Q125564,Manx people,R1,many people,Healthy Ageing in Residential Places (HARP)
15354124197288788437,Q48199,Sámi people,R1,same people,Nature detectives
15356682717414441221,Q125564,Manx people,R1,many people,"Using UV-C sterilisation, occupant monitoring and air quality monitoring in the workplace to facilit"
15363227837426675884,Q48199,Sámi people,R2,Same,Do Monoamine Oxidase A and B Oxidize Neurotransmitter Amines (Serotonin/Dopamine) by the Same Mechan
15365621177661816506,Q125564,Manx people,R1,many people,FAIRYTALES-EMPOWER-EMPATHY-LINE
15372194081780397694,Q125564,Manx people,R1,many people,Creating an alien and foreign heart in chimeric muscle
15376669789575171699,Q125564,Manx people,R1,many people,Interreligious project: What connects us? - What distinguishes us?
15388889443373621490,Q125564,Manx people,R1,many people,Think Twice When You Type
15394990123553781065,Q125564,Manx people,R1,many people,Statistical inference in transmission models based on Bayesian synthesis of evidence from multiple s
15401482456036590642,Q125564,Manx people,R1,many people,Migration in Europe
15404862435257916575,Q208551,Laz people,R1,lay people,Building the barricades: Three interdisciplinary studies on Mental and Substance Use Disorders in th
15407648234699394288,Q125564,Manx people,R1,many people,Participation of Refugees into Social Life
15415128009118789585,Q125564,Manx people,R1,many people,Evaluating the Impact of Linguistic Diversity on Women in Security Programmes
15416509748943264219,Q2656122,Dom people,R1,do people,The ‘de-party-politicization’ of Europe’s political elites. How the rise of technocrats and politica
15417389362843544305,Q48199,Sámi people,R2,Same,Minority Stress and Mental Health among Same-Sex Couples
15420665917988999244,Q125564,Manx people,R1,many people,Digital awareness
15428334887484607981,Q125564,Manx people,R1,many people,Iron Biogeochemistry in the High Latitude North Atlantic
15434969206175245724,Q125564,Manx people,R1,many people,Quality of life through proximity
15437319391725373537,Q48199,Sámi people,R2,Same,Same-sex partnerships and parenting: policy debates since 1945
15438380354608470354,Q125564,Manx people,R1,many people,The impact of electronic personal health records on the healthcare of patients living with coercive 
15440232093979392746,Q125564,Manx people,R1,many people,"Shake a leg, together!"
15446659235670639818,Q7325,Jewish people,R1,the news,Engaging audiences with constructive journalism: how media audiences respond to solutions-focused st
15453862503293740860,Q7325,Jewish people,R1,the news,The lipidic purge of pesticides: physiological mechanisms and evolutionary conservation.
15457827757338255352,Q2656122,Dom people,R1,do people,Banking on Data Science: Big Data Analytics of Consumer Behaviours Across Financial Spaces
15460382446539113333,Q7325,Jewish people,R1,the jaws,Pathophysiologic mechanisms of biosphosphonate related osteonecrosis of the jaws
15471382036122787898,Q125564,Manx people,R1,many people,CEA Science Focal
15495634905121537040,Q125564,Manx people,R1,many people,For Love or Money? Collaboration between Amateur and Professional Theatre
15501784675295109376,Q125564,Manx people,R1,many people,The Online Orchestra: Connecting Remote Communities through Music (Fit to connected communities and 
15508928583909298824,Q125564,Manx people,R1,many people,Training for professionals working in inclusive tourism
15517589067136840681,Q7325,Jewish people,R1,the news,How to be a committed European citizen ?
15517843852293319027,Q125564,Manx people,R1,many people,Intrinsic plasticity of neuronal excitability in the auditory brainstem and neocortex: nitrergic sig
15544688581296541322,Q125564,Manx people,R1,many people,CV-19 Job-Boost
15544958467272777548,Q125564,Manx people,R1,many people,Lost in Your Own Body: Somatic Uncertainty and Anxiety in Parkinsons disease
15549480143328725912,Q125564,Manx people,R1,many people,A game-changing optical technology that overcomes vergence-accommodation conflict for Augmented Real
15559554295137334270,Q125564,Manx people,R1,many people,Developing Reliable and Sustainable Micro-hydropower Systems for Developing Countries
15563041765961556461,Q125564,Manx people,R1,many people,TRALSPEC-AI |Development and validation of a novel method for the determination of Tropane Alkaloids
15567319069412426024,Q48199,Sámi people,R1,same people,FKG Project Support FFI Supply Industry 2021 and 2022
15569348644737335939,Q125564,Manx people,R1,many people,Neurosteroids and the central actions of alcohol
15571054215708526267,Q7325,Jewish people,R1,the ews,A collaborative approach to analyze and target the EWS-FLI1 transcription factor in patients with Ew
15581466297467619197,Q48199,Sámi people,R2,Same,Sweden Canada Innovation Days 2019
15582688051315184270,Q7325,Jewish people,R1,the news,Europe for the Hearts and Minds: The Role of the News Media and Emotions in Creating European Citize
15585513948343586771,Q125564,Manx people,R1,many people,"The clinical outcomes, response to treatment and epidemic dynamics of HIV-1 in the UK"
15590792641403558161,Q125564,Manx people,R1,many people,Appokey advanced accessibility analysis of applications under development
15602068435683112188,Q2656122,Dom people,R1,do people,"Note: I am currently entering the first year of my MRes, and so do not yet have a research project d"
15607069553397432746,Q7654710,Swedish Indians,R1,swedish indian,"Swedish Indian Waste Cooperation, SIWC"
15624695659063397173,Q125564,Manx people,R1,many people,STACS Smart Technology and Community Support
15640470198766861720,Q125564,Manx people,R1,many people,V rozprávkovom lese
15644447434886458394,Q7325,Jewish people,R1,the news,Watching Inside a New Dimension to Open a Window on a European Development
15648234806427526487,Q2656122,Dom people,R1,do people,Representation in the digital era: Democratic consequences of changing engagement in the Swedish dis
15653234942029189386,Q125564,Manx people,R1,many people,Analysis of Longitudinal Data with Varying Numbers of Measurements
15660267890149725342,Q125564,Manx people,R1,many people,Effects of behavioural activation with and without citalopram on emotional cognition and mood
15660711308839077168,Q7325,Jewish people,R1,the news,"RE:SOUND. Sound, Media and Art: Theories, Histories, Practices. 8th Conference on the histories of M"
15668753440611377799,Q7325,Jewish people,R1,the news,Revealing the connection between Insulin Signalling and Epigenetics to Uncover Potential therapeutic
15685736103184606461,Q125564,Manx people,R1,many people,Harnessing the immune repertoire for pan-cancer early detection
15690509734087933971,Q125564,Manx people,R1,many people,"ALternative tourism in MEditerranean Regions (ALMERE). Forms of sustainable tourism, contributing to"
15691815653767510309,Q125564,Manx people,R1,many people,Quantifying gas-phase losses of carbon from intact and degraded mangrove ecosystems.
15704443347423717031,Q7325,Jewish people,R1,the news,Informing Healthy Public Policy
15707088974367742287,Q125564,Manx people,R1,many people,To investigate the performance of scanning laser polarimetry and scanning laser ophthalmoscopy in gl
15726750594757287121,Q7325,Jewish people,R1,the news,"Detecting, deconstructing and combating FAKE NEWS"
15735773386341838988,Q7325,Jewish people,R1,the news,Towards a Reliable and Automated Analysis of Compromised Systems
15739957134184161022,Q125564,Manx people,R1,many people,Information and Educational Materials for Refugees and Immigrants
15742056211957021377,Q7325,Jewish people,R1,the news,SOCIAL SCIENCES FOR DEMOCRACY: A TRAINING PROGRAM FOR IMPROVING RESEARCH ON ILLIBERAL SYSTEMS AND FI
15749791993535785753,Q125564,Manx people,R1,many people,Linkage Projects - Grant ID: LP210100240
15759500728073339292,Q125564,Manx people,R1,many people,Polly: Prevention of polyps and colorectal cancer
15764522905239031769,Q48199,Sámi people,R2,Same,Playing the Game relieves ‘More of the Same’? Leadership Diversity through Sport
15769393055735801947,Q125564,Manx people,R1,many people,Lost - A Platform for Getting Lost
15773121608415661270,Q7325,Jewish people,R1,the news,TRANSCRIPTIE-APP voor cyrillisch schrift
15775479866037752341,Q125564,Manx people,R1,many people,Employment or exclusion: challenges of mental health problems in the labour market
15794353797763516369,Q125564,Manx people,R1,many people,The effect of power on environmnetal risk attitudes: the role of identity and self-efficacy
15798098487372150190,Q125564,Manx people,R1,many people,The role of biased agonism in the treatment of obesity
15799853034390336139,Q48199,Sámi people,R2,Same,Making Liveable Lives: Rethinking Social Exclusion
15816459803998171878,Q125564,Manx people,R1,many people,Digital Entrepreneurship for Marginalised women
15818448381560602334,Q2656122,Dom people,R1,do people,"Youth Engagement in Young Democracies: Assessing the Patterns, Processes and Impact of Youth Engagem"
15829634468958482982,Q7325,Jewish people,R1,the news,Multimodal and data-driven approach to understanding what makes songs popular
15830031563199817996,Q125564,Manx people,R1,many people,Enhancing Treatment Effectiveness in Acute Stress Disorder
15839432807498447639,Q125564,Manx people,R1,many people,Temperature impacts on parasite epidemiology - case study of a contact-transmitted insect parasite
15842616773024413057,Q125564,Manx people,R1,many people,SURFING OUR ROOTS
15846838065780863903,Q125564,Manx people,R1,many people,"Eat, Feel, Reflect: Visualizing the Food - Mood Connection, an Ecological Momentary Assessment Study"
15859114937828965811,Q125564,Manx people,R1,many people,"Developing and Delivering targeted SARS-CoV-2(COVID-19) health interventions to Black, Asian and Min"
15860529267851473547,Q125564,Manx people,R1,many people,Fibroblasts as key drivers of persistent pain in inflammatory arthritis
15864135112790667996,Q125564,Manx people,R1,many people,"Measuring Political Debate: Responsiveness, Influence, and Rhetoric in Parliamentary Texts"
15871951341099187535,Q125564,Manx people,R1,many people,"Registering Births and Deaths in Kenya: Current problems, solution pathways and interventions."
15878359084125088006,Q125564,Manx people,R1,many people,Socially Isolated and Digitally Excluded Service
15883777593447384144,Q125564,Manx people,R1,many people,Remote-Health.eu
15888193501310802836,Q2656122,Dom people,R1,do people,Open City
15888298125490182075,Q125564,Manx people,R1,many people,Incorporating seascape connectivity and fishers’ local ecological knowledge in the management of tro
15895343919448303244,Q125564,Manx people,R1,many people,Decision Support System for Improved Accessibility in Multi-Family Housing
15895348327493701857,Q5645960,Irish Catholic,R1,irish catholics,Religion and Identity in Modern Irish History
15907099603752404956,Q7325,Jewish people,R1,the news,MediaNumeric: Alliance on Multimedia Data-Driven Journalism &amp; Media Production
15916134356579207420,Q125564,Manx people,R1,many people,Live and wet markets in Asia: the importance for food security and disease emergence
15916367561510401242,Q125564,Manx people,R1,many people,The genetics of depression in diverse populations
15917383484369238162,Q125564,Manx people,R1,many people,WISERD Civil Society: Changing perspectives on Civic Stratification and Civil Repair
15921262034915651967,Q2656122,Dom people,R1,do people,"Groups, Clubs, and Scenes: Informal Creative Practices in Japan"
15921702289798232430,Q125564,Manx people,R1,many people,School Programme for Children Well-Being and Outdoor Learning
15934228814821468628,Q125564,Manx people,R1,many people,Tracing stem cell lineages in human epithelial tissues
15938280374719249743,Q125564,Manx people,R1,many people,Extrinsic threats and biological predisposition in animal extinction and rediscovery
15946459873464985609,Q125564,Manx people,R1,many people,RESET: REmission of diabetes and improved diastolic function by combining Structured Exercise with m
15951614269178435524,Q7325,Jewish people,R1,the jaws,Secondary Surgical. Orthodontic and Stomatoprosthetic Treatment in Cleft Lip and Palate Adult Patien
15963803370470665310,Q7325,Jewish people,R1,the jets,Supermassive black hole growth - a small-scale solution to a large-scale problem
15965359075182251578,Q125564,Manx people,R1,many people,Developing High Vacuum enclosures for novel X-ray source
15982573090229522213,Q125564,Manx people,R1,many people,The Politics of Food and Housing in Changing Times
15986038746427658403,Q7325,Jewish people,R1,the ews,The role of microRNAs in the EWS-FLI1 gene regulatory network of Ewing´s sarcoma
15986092173624291957,Q125564,Manx people,R1,many people,Targeting senescence-specific apoptosis resistance genes for the clearance of senescent cells in 2D 
15992527192397796734,Q7325,Jewish people,R1,the news,Back to Our Future
15995363641095898235,Q125564,Manx people,R1,many people,Anxiety and life-course mortality.
16000434760545096737,Q125564,Manx people,R1,many people,The exposure of urban rodents to the human COVID-19 virus and the potential for viral recombination
16008904794693005050,Q7325,Jewish people,R1,the news,Christian-Muslim Relations 1500-1900 (CMR1900)
16010866860809729704,Q48199,Sámi people,R2,Same,Modern Families: New Relational Patterns in Same- and Heter-Parent Families
16013846690917015541,Q125564,Manx people,R1,many people,Application of an innovative enzyme-based technology for production of gluten-safe bread
16022052598264123661,Q7325,Jewish people,R1,the news,Housing And Salary: A Joint Analysis of Two Key Dimensions of Immigrant And Refugee Assimilation
16023571709814890134,Q125564,Manx people,R1,many people,Epigenetic control of nitrous oxide emission by denitrifying bacteria
16029014566895222847,Q7325,Jewish people,R1,the news,Effects of Mental Representations of Children on Prosocial Motivation
16032930369825364684,Q208551,Laz people,R1,lay people,How do narratives and emotional content affect information processing in legal decision making
16043479257386088006,Q125564,Manx people,R1,many people,TYPIST ARTIST PIRATE KING
16052845625602935489,Q125564,Manx people,R1,many people,"Viking Couture; Public arena for research, dialogue and communication"
16058133241033230609,Q7325,Jewish people,R1,the news,The Soil under my Feet
16060158183983756637,Q2656122,Dom people,R1,do people,Urban greenspace - what attributes determine wellbeing ?
16061131172099977321,Q125564,Manx people,R1,many people,Cultural Heritage in Landscape - CHeriScape
16076837860261854501,Q125564,Manx people,R1,many people,What lies behind the causal impact of body mass index (BMI) level and change on human health? Added 
16090886162628491840,Q125564,Manx people,R1,many people,Roots and wings - harnessing the cultural heritage of strong women in Europe for adult learning
16094742857968781707,Q125564,Manx people,R1,many people,SIGNAL Trial
16101706998687181117,Q125564,Manx people,R1,many people,"GeoMag II = Miniature, high resolution, Caesium Beam Magnetometer"
16114438798825482169,Q125564,Manx people,R1,many people,Higher-Order Fourier analysis and related issues
16116443730897043430,Q125564,Manx people,R1,many people,"Paper: Past, Present and Prospects"
16118501979117905320,Q7325,Jewish people,R1,the news,Bad news communication protocols in the medical field
16119196141195904831,Q125564,Manx people,R1,many people,European Peer Counselor Training in Accessible Tourism
16123054329880593670,Q125564,Manx people,R1,many people,Sports with no borders
16126634843699835893,Q7325,Jewish people,R1,the news,Balancing the risk of harm with productivity in the mercurial firm: economic theory and applications
16128553221022339715,Q125564,Manx people,R1,many people,"From arrest to arrest: experiences of the re-convicted victims of Stalinist terror in the USSR, 1930"
16151811117048325210,Q125564,Manx people,R1,many people,Sensor for the Detection and Identification of Bioaerosols
16166061824318404581,Q48199,Sámi people,R2,Same,"LAunching New SILOxane Treatments: assessing effluent, sludge and air quality and improving biogas p"
16166272729814892612,Q48199,Sámi people,R2,Same,Integrating Non-Abelianity in Euclidean lattices: From Cayley lattices to Circuit simulation
16191290837556586985,Q48199,Sámi people,R2,Same,A Trial of Same-Day Testing and Treatment to Improve Outcomes among Symptomatic Patients Newly Diagn
16192652965325906422,Q48199,Sámi people,R1,same people,"Life course causes and consequences of caring: how do work and family histories influence caring, an"
16205631263861689731,Q125564,Manx people,R1,many people,SME Productivity Improvement Platform
16208488119356429981,Q48199,Sámi people,R2,Same,Exploiting Genetic Diversity of Essential Micronutrients in Duckweeds for Human Nutrition
16221895336803538670,Q125564,Manx people,R1,many people,Developmental Clinical Studies - A clinical trial of metformin in COPD exacerbations
16222805606965180505,Q125564,Manx people,R1,many people,Art Worlds Apart: Art as Boundary Object between the Arts & Health Field and Art History
16223747220974678306,Q125564,Manx people,R1,many people,International Synthesis of Seafood Cooking and Presentation Methods
16231376544802114646,Q125564,Manx people,R1,many people,Clinical approaches to preventing cardiovascular disease
16250393856341712334,Q125564,Manx people,R1,many people,The immune response to cochlear implantation
16256006523888008979,Q125564,Manx people,R1,many people,A rapid saliva test to assess protection against disease and monitor vaccination in low-middle incom
16258715696835163493,Q125564,Manx people,R1,many people,Without GPS - vocational training tailored to the new needs of the target group
16264129295078163688,Q125564,Manx people,R1,many people,Measuring the impact of stroke in Sierra Leone through stroke register methodology
16264681665109370068,Q125564,Manx people,R1,many people,Iránytű vol.2.
16265971995136590515,Q125564,Manx people,R1,many people,Investigating the effects of macrolides on excessive synthesis and secretion of airway mucins using 
16268126200763612768,Q208551,Laz people,R1,lay people,Strategic Project - UI 314 - 2014
16271635623119118909,Q125564,Manx people,R1,many people,Cultural Memory and British Cinema-going of the 1960s
16273145930269065352,Q125564,Manx people,R1,many people,The first universal and price-neutral insulin pen
16299123463660373598,Q125564,Manx people,R1,many people,Game On - Inclusive and Accessible Participation
16310358259659643767,Q125564,Manx people,R1,many people,A longitudinal study to determine physiological biomarkers of relevance for the occurrence of neck p
16327349977514472905,Q7325,Jewish people,R1,the jets,Relativistic jets from accreting black holes: are they baryonic or leptonic?
16342960251359271452,Q125564,Manx people,R1,many people,The Realities That We Are Blinded to But Can Save Our Lives
16348418742071127075,Q125564,Manx people,R1,many people,MB3.0
16360526223999334349,Q125564,Manx people,R1,many people,FinAncial EducatIon foR Legal economY - FAIRLY
16373039255982659866,Q208551,Laz people,R1,lay people,Social representations of novel dual high-stake technologies: the case of geoengineering
16374461052636572855,Q125564,Manx people,R1,many people,STRESS recovery
16382519619960904202,Q7325,Jewish people,R1,the news,Research Into Global Healthcare Tools (RIGHT)
16389140255649678669,Q125564,Manx people,R1,many people,A pilot assessment of miltefosine's efficacy and tolerability for treating cutaneous Leishmania trop
16392114534628050680,Q125564,Manx people,R1,many people,Alpha territoriality in Hong Kong and London: The socio-economic implications of transnational real 
16392121097540020030,Q125564,Manx people,R1,many people,Equality Future in Europe
16398750951662861769,Q125564,Manx people,R1,many people,CholCheck: Keeping cholesterol in check using in-Home Monitoring
16399114897421212375,Q2656122,Dom people,R1,do people,Spoken Language Interaction Between Mismatched Partners
16407501600674865089,Q125564,Manx people,R1,many people,Measuring the impact of the Chlamydia trachomatis epidemic: new serological assays to assess disease
16413004438275508062,Q125564,Manx people,R1,many people,The Silence of the Fish - Education / Short Film / Concert in Iceland
16416041871123330157,Q125564,Manx people,R1,many people,Coronavirus STORY (Serum Testing of Representative Youngsters)
16417329669812738504,Q208551,Laz people,R1,lay people,Neighbourhoods and Dementia: A mixed methods study
16418226954111038329,Q125564,Manx people,R1,many people,iConcipio aims to offer higher education institutions through a web-based system called My SkillPal 
16441284541800343430,Q48199,Sámi people,R2,Same,Use of neutron scattering to investigate complex green surfactants
16448968091756085869,Q125564,Manx people,R1,many people,The role of impaired glucagon secretion in life-threatening hypoglycaemia of type 1 diabetes: mechan
16450370284266055083,Q125564,Manx people,R1,many people,"BE SMART, BE TOLERANT!"
16457210145809403890,Q125564,Manx people,R1,many people,"Once you pop, you just can’t stop: how mindset rules biology and makes you eat."
16462157510672410131,Q125564,Manx people,R1,many people,WEb Accessibility through VEt
16462979166038248498,Q125564,Manx people,R1,many people,Staphylococcus aureus subversion of phagosomal maturation in macrophages
16467505863221028253,Q125564,Manx people,R1,many people,"Accelerating work from home. A study of teleworkers’ everyday time use, time pressure and well-being"
16467961807842807722,Q125564,Manx people,R1,many people,Peptide Raw Materials for High Performance and Biodegradable Personal Care Products
16478453024469442975,Q208551,Laz people,R1,lay people,STS: Citizen Science in Ornithology: The Co-production of Knowledge by Scientists and Lay People
16478968804081309520,Q125564,Manx people,R1,many people,A Biological Framework of Reduced Physical and Social Activity across the Lifespan
16500112339099983764,Q125564,Manx people,R1,many people,CASEIN: Casein Assembly Systematically Engineered with Integrated Neural networks
16503227622272413522,Q5645960,Irish Catholic,R1,irish catholics,"The Irish in colonial Australia: race, representation and repression"
16504629578499280051,Q7325,Jewish people,R1,the news,The news of the Azores on national radio and television in Portugal
16513832470046086111,Q7325,Jewish people,R1,the news,Media seminars for researchers 2015
16514266375951363318,Q125564,Manx people,R1,many people,First-in- Human (FIH) Trials of a Novel Bioresorbable Coronary Scaffold (ArterioSorb™)
16516699864062480157,Q125564,Manx people,R1,many people,"Forging new families in contemporary contexts: Exploring interpersonal relationships, power and abus"
16519951632505405535,Q125564,Manx people,R1,many people,Accelerating digital eye care to market
16521252111641654860,Q125564,Manx people,R1,many people,Social robots accelerating the transition to sustainable transports
16523465022615141639,Q48199,Sámi people,R2,Same,Our Emotions Are the Same: Inclusion Through Art
16529846558053670085,Q2656122,Dom people,R1,do people,"Disentangling the relationship between asthma, allergic diseases and gastro-esophageal reflux diseas"
16541785354913591653,Q2656122,Dom people,R1,do people,How do people perceive the 15-minute neighbourhoods globally? Investigating public perception across
16543705490145601563,Q125564,Manx people,R1,many people,Transient Manipulation of Gene Expression in Keratinocytes and Fibroblasts to Promote Efficient Woun
16545436005140341434,Q125564,Manx people,R1,many people,TANDEM
16561093836885737971,Q125564,Manx people,R1,many people,Implementing a health literacy focused dietetic outpatient model of care for people with chronic kid
16561624421625374539,Q125564,Manx people,R1,many people,ReMat II: Reinforcing Circular-Functional Mattress Implementation in Public Cure and Care Sector
16567014658306652247,Q125564,Manx people,R1,many people,Using arts-based workshops to share knowledge on reproductive and sexual health with rural communiti
16568903285315466783,Q2656122,Dom people,R1,do people,"Theatre in Education - Magnets, Ducks and Superconductors (call for PPE)"
16571306491359257476,Q125564,Manx people,R1,many people,Could speech technology help to reduce the digital social inequality of adults with basic literacy s
16574702912196897810,Q125564,Manx people,R1,many people,ANTONA-MH: Accelerating New Therapies with Objective Neurophysiological Assessment for Mental Health
16596015280193109435,Q125564,Manx people,R1,many people,Use of Energy Effectively - Green Energy
16609349335619224280,Q48199,Sámi people,R2,Same,Dance your way to Inclusion
16613999677959071198,Q2656122,Dom people,R1,do people,Incremental reasoning in dialogue
16615131378496578781,Q125564,Manx people,R1,many people,A Young European Citizen - a study carried out on phases in his career in three different European s
16622518662473038362,Q125564,Manx people,R1,many people,Nonviolent Communication Approach in Adult Education in Historical Museums and Memorial Sites.
16626212551083638938,Q125564,Manx people,R1,many people,"Whiplash injury: Classification, prediction and directives for improved management strategies."
16646386989852685243,Q125564,Manx people,R1,many people,"Whiplash injury: Mechanisms, prediction and directives for improved management strategies."
16660133038270922590,Q125564,Manx people,R1,many people,Development of a new therapy to heal diabetic foot ulcers
16661463589527690244,Q125564,Manx people,R1,many people,Hypermobility and autonomic hyperactivity: Relevance for the expression of psychiatric symptoms
16669594579405464264,Q125564,Manx people,R1,many people,Forgotten soul of the city
16670186551908805769,Q125564,Manx people,R1,many people,Improving clinical understanding and management of tendinopathy
16670762620468277959,Q125564,Manx people,R1,many people,Novel Active Soldering; Creating Enhanced joints Near-ambient Temperature (NASCENT)
16685543905272812094,Q125564,Manx people,R1,many people,"The project will involve optical and electrical characterisation of organic semiconductors, simulati"
16687712226584170255,Q7325,Jewish people,R1,the news,Functional prophage and lysogen engineering in Citrobacter enabling studies of virulence and other t
16704529432666250924,Q7325,Jewish people,R1,the news,Alphabetter - learning tools for preventing functional and secondary illiteracy
16707686164167075492,Q125564,Manx people,R1,many people,CoreTech - Encouraging and enabling self-management of a range of physical and mental health conditi
16708676222527673816,Q125564,Manx people,R1,many people,A Country Divided? Polarisation and identity after Brexit
16713638284315231381,Q2656122,Dom people,R1,do people,Butt Out: A transdisciplinary approach in understanding and addressing the risks of littered cigaret
16717863856411884249,Q125564,Manx people,R1,many people,Increased impact through cooperation: social and regular enterprises aiming at an inclusive labour m
16720699389044044529,Q125564,Manx people,R1,many people,Towards Generic Scalability of the Unifed Model
16721033411701389541,Q48199,Sámi people,R2,Same,Spillover Effects of Certified Products on Non-Certified Products of the Same Brand - An Empirical A
16729175693590096385,Q7325,Jewish people,R1,the jets,Particle composition in relativistic jets
16729938969674688041,Q125564,Manx people,R1,many people,"Men, masculinities and post-coital pregnancy avoidance, Ghana"
16743259566309550132,Q125564,Manx people,R1,many people,A prospective study to identify the mechanical causes and methods for early detection of knee osteoa
16757642497282492679,Q125564,Manx people,R1,many people,Sunflower - Mindfulness in Primary Schools
16758490922616862942,Q125564,Manx people,R1,many people,Analysis of Longitudinal Data with Varying Numbers of Measurements
16758701666988943573,Q48199,Sámi people,R1,same people,Intergenerational relationships in contemporary UK
16760051929037198238,Q125564,Manx people,R1,many people,The time of their lives? Developing Concepts and Methods to Understand Loneliness in Students
16766029034784520685,Q2656122,Dom people,R1,do people,Individual Differences in the Impact of Socio-Economic Events on Health and Well-Being
16771393838211464257,Q125564,Manx people,R1,many people,Curriculum Development of Human Clinical Trials for the Next Generation of PhD Students and Early Ca
16772271740085774901,Q125564,Manx people,R1,many people,Assessing health risks associated with exposure to household and ambient air pollution in rural and 
16772584404117837193,Q125564,Manx people,R1,many people,We Got You - Give &amp; Get Help During Covid-19
16793760034656815498,Q125564,Manx people,R1,many people,The public health importance of vitamin D: determining causal effects of intrauterine and lifetime e
16831965125170788287,Q7325,Jewish people,R1,the jaws,"Mechanisms, development, function and evolution of individual variation in groups"
16835602413240367210,Q208551,Laz people,R1,lay people,Complex healthcare in the home
16835954721959939231,Q125564,Manx people,R1,many people,Able and disabled: let's play together
16842148453541439305,Q2656122,Dom people,R1,do people,Why do people develop chronic low back pain? An investigation of brain function as a predictor of ch
16845147091698575449,Q125564,Manx people,R1,many people,CIRCUlar and Sustainable tools for adults
16849452848869445679,Q208551,Laz people,R1,lay people,NOBODYS FAULT BUT YOUR OWN - The role of Meritocracy in Legal Decisions towards low status group mem
16851255608675376221,Q48199,Sámi people,R2,Same,Rethink Reduce Reuse - VET loves Food
16851255608675376221,Q7325,Jewish people,R1,the news,Rethink Reduce Reuse - VET loves Food
16855047830384123703,Q125564,Manx people,R1,many people,Missing data imputation in clinical databases: development of a longitudinal model for cardiovascula
16856831027296923083,Q7325,Jewish people,R1,the dews,Sharing and visualizing large-volume environmental data (eScience)
16874576776305207960,Q125564,Manx people,R1,many people,"WE ARE THE SAME, ALTHOUGH WE LEARN IN A DIFFERENT WAY"
16887359813527886833,Q48199,Sámi people,R2,Same,Proximal Effects of Alcohol on Same-Sex Intimate Partner Violence
16889996990288647878,Q125564,Manx people,R1,many people,Age Management Uptake
16911086600531382354,Q125564,Manx people,R1,many people,CRAFTCIRLEM: enhanced Climate Resilience And Flexibility in complex urban environments Through integ
16919226945787997272,Q125564,Manx people,R1,many people,Emotional Intelligence on labour market
16922122018408494377,Q125564,Manx people,R1,many people,THE MEDITERRANEAN SEA: The Path to New and Old worlds
16927447658588179345,Q7325,Jewish people,R5,hebrew,Random matrices in gauge theory
16928227457372631442,Q125564,Manx people,R1,many people,All Together for an Inclusive Europe
16939035032817957788,Q125564,Manx people,R1,many people,Precision Healthcare - A novel diagnostic handheld platform for the detection of cancer biomarkers i
16953801150676304764,Q7325,Jewish people,R1,the jets,Gamma-ray bursts - New probes of the early Universe and extreme physics: Emission mechanisms and pro
16957481669120640180,Q125564,Manx people,R1,many people,Interaction of Staphylococcus aureus and humans: Iron regulated surface proteins and a novel host de
16960151844549462160,Q7325,Jewish people,R1,the ews,A collaborative approach to analyze and target the EWS-FLI1 transcription factor in patients with Ew
16964204529120525136,Q7325,Jewish people,R1,the news,How Young People are Engaged by Radicals
16968537100037916864,Q7325,Jewish people,R1,the news,"Popular version of the projekt National harvest of brushwood- potential, obstacles and opportunities"
16972075993780584486,Q125564,Manx people,R1,many people,Erasmus+ Climate Action
16975528616000957427,Q125564,Manx people,R1,many people,PATTERN PROJECT
16978875796833847088,Q48199,Sámi people,R1,same people,Judging the Medics' Science: Misconduct and Research Culture in Disciplinary Proceedings since 1990
16981543996026720315,Q125564,Manx people,R1,many people,New possibilities for individualized prognosis and treatment of sarcoidosis
16985334135831361017,Q125564,Manx people,R1,many people,Own Your Learning 2.0
16990604302765262150,Q125564,Manx people,R1,many people,Welcome to our town - Welcome to new friends
16995549102706525338,Q7325,Jewish people,R1,the news,SUSTAINABLE TOURISM BELONGS IN THE FUTURE
17017215251780764116,Q125564,Manx people,R1,many people,Global Skills Through Experience in Peace and Solidarity
17018583258501958771,Q48199,Sámi people,R2,Same,Doctoral Dissertation Research in DRMS: Is All Money the Same? Funding Innovation in Young Firms
17020885199010535143,Q208551,Laz people,R1,lay people,Communicating trust in the security of election technologies
17021211504280883762,Q48199,Sámi people,R2,Same,The Same Road is a Different Road
17028061358757020458,Q125564,Manx people,R1,many people,Mistrust in practice: an ethnography of suspicion in general medical practice in the aftermath of CO
17032030854792282837,Q125564,Manx people,R1,many people,Active employment policy in the Czech Republic and all-embracing concept of a social and psychologic
17032743860350892036,Q125564,Manx people,R1,many people,Siledent: dentist's drill noise suppression for improved oral health
17039539343914291695,Q125564,Manx people,R1,many people,Making Numbers Meaningful
17040703072878765986,Q208551,Laz people,R1,lay people,Promoting Physical independence by involving users in rehabilitation through dynamic visualisations 
17044160620423000819,Q7325,Jewish people,R1,the news,#UComE; A systematised and digitised approach for the reconstitution of community engagement in yout
17045867460428336286,Q846578,Svan people,R1,scan people,"An investigation of the role of brain amyloid in cognition, brain atrophy and Alzheimer s disease in"
17046156078904169574,Q48199,Sámi people,R2,Same,Let’s Grow Together! - New paths for social inclusion
17048833782901732392,Q125564,Manx people,R1,many people,enhancement in psychosocial life skills
17066486483903444011,Q125564,Manx people,R1,many people,"Shifting towards high quality, affordable healthcare using the Gothenburg Person-Centred Care approa"
17080708356080902897,Q125564,Manx people,R1,many people,Improving the wellbeing of adolescents at risk for social isolation: A co-designed intervention
17094487253137547812,Q125564,Manx people,R1,many people,Fit for Future
17094487253137547812,Q7325,Jewish people,R1,the news,Fit for Future
17095680958247167544,Q125564,Manx people,R1,many people,Mapping the Genes and Neurons that Regulate Sleep Homeostasis
17100926552539795544,Q7325,Jewish people,R1,the news,COJO for COVID recovery: Solutions-focused constructive journalism as a pandemic exit strategy for l
17112306278387628232,Q125564,Manx people,R1,many people,NatureMetrics: Transforming Environmental Impact Assessment through eDNA Metabarcoding Sampling and 
17119905265698864880,Q125564,Manx people,R1,many people,No Construction - A circular building system for apartment buildings in CLT
17123798036560978041,Q7325,Jewish people,R1,the news,Linkage Projects - Grant ID: LP220100121
17125367682626400393,Q2656122,Dom people,R1,do people,What &quot;Brexit Means Brexit&quot; Means to Citizens
17143245101671257941,Q125564,Manx people,R1,many people,Iron Biogeochemistry in the High Latitude North Atlantic
17143316823071915713,Q125564,Manx people,R1,many people,Secure multi-party computation from physical assumptions
17161605253154993636,Q125564,Manx people,R1,many people,Evidence Synthesis to inform health related decision making
17167104124998920830,Q7325,Jewish people,R1,the news,Priming T cell responses in old age
17176078003366577332,Q125564,Manx people,R1,many people,The biology of avolition in schizophrenia
17187082531504484110,Q48199,Sámi people,R2,Same,Same Sex Couples and the Impact of Legislative Changes
17187536906428164356,Q2656122,Dom people,R1,do people,Home-Grown Growth in African Cities: How Self-Build Housing Drives Urban and Economic Growth in Ghan
17196922162953760516,Q7325,Jewish people,R1,the jets,Atmospheric Forcing of the Iceland Sea
17209818369380945531,Q125564,Manx people,R1,many people,BEFORE IT IS TOO LATE
17212535988155442771,Q125564,Manx people,R1,many people,An institutional development perspective on prepaid solar electrification and gender relations in ru
17223178274617538928,Q48199,Sámi people,R2,Same,"Sexualities and Localities, c.1965 - 2013"
17223389836133940940,Q415693,Akan people,R1,aian people,Co-designing a Technology-based Health Research Results Dissemination Tool with AIAN People
17231111313590974412,Q7325,Jewish people,R1,the jets,Novel DNA-Templated Nanotechnology Devices
17235022789985828706,Q7325,Jewish people,R1,the jets,Unraveling the magnetic field structure and emission mechanisms in relativistic jets across all scal
17235051587443428055,Q125564,Manx people,R1,many people,Tremplin Innovant MUltiplicateur MUltilingue / Innovative Multilingual Learning Booster
17275729498527860595,Q7325,Jewish people,R1,the news,VR SMART
17295615681775888507,Q125564,Manx people,R1,many people,Safe-on-Line
17297859873245141760,Q125564,Manx people,R1,many people,Feasibility of a novel Microbiome-Based Fermented Food Product targeting Mental Health
17298440622843118989,Q48199,Sámi people,R1,same people,VULCAN'S FORGE IN VENUS' CITY: THE PRODUCTION OF BRONZE OBJECTS IN RENAISSANCE VENICE
17310873419411243442,Q125564,Manx people,R1,many people,Drawing-Conclusions: Communicating a Study on Oil Exploitation in Kenya via Collaborative Comic Book
17319492493273870162,Q125564,Manx people,R1,many people,Visualizing the brain: A philosophical analysis of imaging techniques as tools for understanding the
17322051681134582579,Q48199,Sámi people,R2,Same,'Five Missiles in the Same Hole': Cold War Nuclear Strategy &amp; the History of the GPS Revolution
17336561792934573340,Q125564,Manx people,R1,many people,Understanding the mechanistic role of the carotid chemoreflex in patients with long COVID and unexpl
17354411203484771775,Q125564,Manx people,R1,many people,Do people's environments influence their habitual physical activity?
17354411203484771775,Q2656122,Dom people,R1,do people,Do people's environments influence their habitual physical activity?
17367846357229907848,Q125564,Manx people,R1,many people,"The HealthBox: a personalized, home-based eHealth intervention to treat metabolic syndrome and preve"
17379993568903740726,Q125564,Manx people,R1,many people,Treating hypertension in rural South Africa: Comparative effectiveness of two different patient outr
17382741926860659152,Q125564,Manx people,R1,many people,Leave Ecological Traces Around You For A Green Planet
17400555943495196850,Q125564,Manx people,R1,many people,Funding for Cognitive Imaging
17409780155496113817,Q125564,Manx people,R1,many people,Airship Powertrain
17417232257862868371,Q7325,Jewish people,R1,the news,European Television Representations of Islam as Security Threat: A Comparative Analysis
17421525356169437723,Q125564,Manx people,R1,many people,The European Commission has launched a new initiative to promote the use of the Internet in the fiel
17423367125597113566,Q7325,Jewish people,R1,the jaws,"Interactions of tooth, periodontium, and interdental bone development"
17438186004842210011,Q125564,Manx people,R1,many people,"""The 5 """"R""""s Handicrafts: Reduce, Reuse, Recycle, Rethink and Recreate"""
17442802513166688930,Q7325,Jewish people,R1,the news,PHILOS: Real-time Detection and Automated Mitigation of BGP Prefix Hijacking Attacks
17447227289979861134,Q125564,Manx people,R1,many people,"An innovative range extending service for Electric Vehicles (EV), based on a modular range extender,"
17448208912689639355,Q125564,Manx people,R1,many people,An Experience of Digital Interactivity as a way to access to culture and heritage in rural environme
17461995672608571648,Q125564,Manx people,R1,many people,What happens when we remember together? Investigating collective memory and collaborative recall acr
17462574703735375415,Q2656122,Dom people,R1,do people,i-Medic (Intelligent Monitoring and Early Diagnosis In Communities)
17474422115186788200,Q125564,Manx people,R1,many people,Maritime encounters: a counterpoint to the dominant terrestrial narrative of European prehistory
17478627498830613847,Q48199,Sámi people,R1,same people,Growing up in illegality: Young adults’ life histories about the impact of a childhood lived under a
17482004679023532943,Q125564,Manx people,R1,many people,Senior volunteers for migrant integration
17496840989516363785,Q125564,Manx people,R1,many people,Risk-based Prevention of Heart Disease and Stroke in Latin America and the Caribbean: A Pooled Analy
17504400776381210623,Q125564,Manx people,R1,many people,Investigating the effects of macrolides on excessive synthesis and secretion of airway mucins using 
17531151390807843401,Q7325,Jewish people,R1,the news,"The ""Chemistry is in the News"" Project"
17536246668823040305,Q125564,Manx people,R1,many people,Modelling the effects of immunity on influenza transmission - implications for prevention and vaccin
17541210932677617685,Q125564,Manx people,R1,many people,Brain marker for Affective Cognitive Enhancement following targeted training in patients with mood d
17544417356268099232,Q125564,Manx people,R1,many people,"Mobility Data Management, Analysis and Visualisation"
17547394504182987985,Q2656122,Dom people,R1,do people,Transformative Memories In Political Violence: An International Network
17552422128280992914,Q208551,Laz people,R1,lay people,Towards linguistically-informed automatic speaker recognition
17565527452213729880,Q125564,Manx people,R1,many people,CODEPENDENCY - UNLIMITED DEVOTION
17566155262538964509,Q125564,Manx people,R1,many people,The Staphylococcus aureus Type VII secretion system and its role in bacterial antagonism
17571981666714400590,Q125564,Manx people,R1,many people,Bronchoscopic lung volume reduction with endobronchial valves for patients with heterogeneous emphys
17579680421334869220,Q48199,Sámi people,R1,same people,"Imagining Markets: Empire, Europe, China in Britain's economic future since the 1870s"
17579737034918081834,Q125564,Manx people,R1,many people,Advanced Transmission System for Bicycles
17594546968086714126,Q125564,Manx people,R1,many people,Compass for people with dementia
17600655145628883310,Q125564,Manx people,R1,many people,Empowering Teachers with Technology
17607640442670772170,Q2656122,Dom people,R1,do people,Why do people (not) adhere to COVID-19 preventive measures? Studying the temporal influence of risk 
17620100414502983673,Q125564,Manx people,R1,many people,Infrastructure for design and testing of implantable and non-invasive intelligent medical devices
17621819517291220266,Q125564,Manx people,R1,many people,career space Europe and the Caribbean
17624919577582200650,Q125564,Manx people,R1,many people,"""""""Learning from each other in the 'revolution for life' - the contributions of social &amp; politic"
17628222712803629392,Q7325,Jewish people,R1,the news,New Parties on the News: How New(s) Media and New Parties Shape Attention and Electoral Support for 
17628808995686453116,Q7325,Jewish people,R1,the news,Code of Youth : Shield of Human Rights
17631295992834862365,Q2656122,Dom people,R1,do people,Centre for the Microeconomic Analysis of Public Policy
17633526982195443730,Q125564,Manx people,R1,many people,Multi-centre Randomised Controlled Trial of Collaborative Care for Depression
17645857178670018525,Q125564,Manx people,R1,many people,"What’s to eat? Women, children and the urban food environment: the case of Addis Ababa"
17666779168850379831,Q125564,Manx people,R1,many people,The defence cascade as an indicator of animal welfare in the lab and field
17689518151413632550,Q125564,Manx people,R1,many people,Better off saying nothing at all?: Improving difficult social interactions by understanding fears an
17691270559795942312,Q125564,Manx people,R1,many people,People with Mental Health Disorders and Cognitive Disabilities in the Criminal Justice System
17697210731425750244,Q125564,Manx people,R1,many people,AgroBusiness in Urban areaS
17702386172677624826,Q125564,Manx people,R1,many people,Delegation trip to India 2022 December 5-9
17702548900654331860,Q125564,Manx people,R1,many people,Preclinical Studies in Xenotransplantation
17705064181222902382,Q125564,Manx people,R1,many people,Decoding health data when you’re not sick
17705371560072019331,Q125564,Manx people,R1,many people,MICA: Developing system-oriented interventions to reduce car dependency for improved population heal
17712800778628678406,Q125564,Manx people,R1,many people,Adaptation of the LEARNING-BY-DOING Methodology for the Development of Entrepreneurial Competencies 
17716093958973069864,Q125564,Manx people,R1,many people,Advancing cognitive therapy for anxiety disorders and PTSD
17717542984577619538,Q125564,Manx people,R1,many people,"Big Ideas for Better Schools: Leading 'big issue' transformation in schools - Diversity, Democracy a"
17728470522956200375,Q2656122,Dom people,R1,do people,"Money, Lives and Scarcity - How do people allocate healthcare resources?"
17746866618685960616,Q125564,Manx people,R1,many people,Sensorimotor Learning for Control of Prosthetic Limbs
17763354017015418792,Q125564,Manx people,R1,many people,My way to fulfill my dreams.
17770207631029832610,Q125564,Manx people,R1,many people,Nature Science Communication for Everybody
17772631920919884238,Q125564,Manx people,R1,many people,Improved Gene Therapy Strategies for Primary Pulmonary Hypertension
17773032855742130221,Q48199,Sámi people,R2,Same,21st Annual Interdisciplinary Conference Psychoanalysis: Not The Same Old Song and Dance
17776843498979908560,Q125564,Manx people,R1,many people,"The English Plastic Bag Charge and Behavioural Spillover: A Field Experiment, Diary Study and Second"
17781403600741349225,Q125564,Manx people,R1,many people,Farmers' perspectives on challenges in the food system: a collaborative research partnership
17784854539820627049,Q7325,Jewish people,R1,the ews,A collaborative approach to analyze and target the EWS-FLI1 transcription factor in patients with Ew
17793359684192827962,Q125564,Manx people,R1,many people,Mi Wellbeing Planner and Coach
17815184959989275596,Q48199,Sámi people,R2,Same,Female Perpetrators of Same-Sex Interpersonal Violence
17826678852053622810,Q125564,Manx people,R1,many people,Temptation and restraint: The role of reward and punishment sensitivity in disordered eating.
17840416948353575906,Q7325,Jewish people,R1,the news,"New challenge for journalism, media and security: securing the eastern border in the media debate"
17840444708974677464,Q7325,Jewish people,R1,the jems,SWEJEM - a national resource for exposure assessment of occupational exposure in epidemiological stu
17853280695632261243,Q125564,Manx people,R1,many people,Alpha territoriality in Hong Kong and London: The socio-economic implications of transnational real 
17861172393128145095,Q2656122,Dom people,R1,do people,Deluded by Experience
17865124434969893996,Q125564,Manx people,R1,many people,Lightsaber Fencing Instructors Training through creativity
17868042915688292522,Q48199,Sámi people,R2,Same,How Spouses Influence Each Other's Health in Same- and Different-Sex Marriages: A Dyadic and Longitu
17874267492675935573,Q125564,Manx people,R1,many people,"Media, trust and information during the Corona crisis"
17874468520675072041,Q7325,Jewish people,R1,the news,DEMOCRACY MATTERS!
17874865862337911820,Q2656122,Dom people,R1,do people,Probation and partnership-working: experiences of desistance from crime in activity hubs
17883888970106746959,Q48199,Sámi people,R1,same people,Participation and presentation at illumination confrence in China
17883888970106746959,Q7325,Jewish people,R1,the news,Participation and presentation at illumination confrence in China
17888192153438660869,Q125564,Manx people,R1,many people,Alzheimer's disease and Dementia with Lewy bodies: How different are they?
17904925329248302710,Q125564,Manx people,R1,many people,Advanced Training for Future Food and Nutrition Challenges for an Ageing HealthierPopulation
17917513988219867721,Q125564,Manx people,R1,many people,How effective are arts assets and interventions in improving mental health and reducing health inequ
17947003102673392850,Q208551,Laz people,R1,lay people,Centre for Research and Intervention in Education
17953811833080145375,Q125564,Manx people,R1,many people,"Diagnosis, Management and Outcomes of Depression in Primary Care (DIAMOND) - a longitudinal study"
17956341768816794464,Q208551,Laz people,R1,lay people,Promoting Physical independence by involving users in rehabilitation through dynamic visualisations 
17959882470220740004,Q7325,Jewish people,R1,the news,Website for the Exchange of Bilingual Schools
17971087560288745554,Q125564,Manx people,R1,many people,Development of a statistical modelling framework to inform real-time immunization strategies for eli
17978288341204896438,Q125564,Manx people,R1,many people,GCRF: One Health Regional Network for the Horn of Africa (HORN)
17988194489144561037,Q48199,Sámi people,R2,Same,Under the common European sky
18003117937046779229,Q125564,Manx people,R1,many people,Beyond the economic: migration as moral navigation in the post-Soviet space
18008634359139235557,Q7325,Jewish people,R1,the news,Hypoxia/ischaemia in children: Patterns of neuropathology and associated memory impairment
18012610804883104496,Q125564,Manx people,R1,many people,Pattern matching algorithms for streaming data
18016504159250496329,Q125564,Manx people,R1,many people,Czech-Slovak Cultural and Art Influence in Bulgaria
18029290049736188913,Q7325,Jewish people,R1,the news,AMPLIFYING SOUTH AFRICA’S CLIMATE HEALTH EXPERTS
18038549529805833441,Q2656122,Dom people,R1,do people,An anthropological investigation of bird sound
18046010940495041209,Q7325,Jewish people,R1,the news,Is There No Such Thing As Childhood? New Childhoods in Britain and Turkey between 1976 and 1997
18050167116470456037,Q208551,Laz people,R1,lao people,"Integrated solutions for healthy birth, growth, and development: A cluster-randomized controlled tri"
18055488823233535636,Q125564,Manx people,R1,many people,"SAGEs: Self-assembled peptide-based cages for the presentation, encapsulation and delivery of bioact"
18069256503494605431,Q18690619,Kildin Saami,R1,kildin sami,To create and maintain a written language: orthography and vocabulary in early Sámi lexicography
18069920610325894472,Q2656122,Dom people,R1,do people,Spoken Language Interaction Between Mismatched Partners
18092757060412685609,Q125564,Manx people,R1,many people,The brainstem signals dual motivational valence following ingestion
18095615854594992538,Q125564,Manx people,R1,many people,Microbial Biotechnology 5.0 (MB5.0)
18099980789150787652,Q125564,Manx people,R1,many people,Protective factors for cognitive decline in aging: A prospective longitudinal study
18104527579143152247,Q125564,Manx people,R1,many people,Linkage Projects - Grant ID: LP160100189
18116692004865241471,Q1064662,Serbs of Bosnia and Herzegovina,R1,bosnian serbo,Phonetic design of overlapping speech in talk-in-interaction: A cross-linguistic study
18116899748131883208,Q7325,Jewish people,R1,the jaws,Craniometric analysis and prediction of development of the jaws and cleft patients with the use of n
18143314664671561234,Q48199,Sámi people,R2,Same,Same or Different? Modeling Individual Differences in Cognitive Tasks
18144307247486711860,Q125564,Manx people,R1,many people,Cleaning ergonomics - to prevent occupational diseases and accidents
18146578572568498829,Q125564,Manx people,R1,many people,International Upcycling Research Network
18152038294223485908,Q125564,Manx people,R1,many people,Understanding Urban Movements through Big Data and Social Simulation
18165377277718869059,Q125564,Manx people,R1,many people,Level Complete
18173519502978201463,Q125564,Manx people,R1,many people,Stand up! - Europe’s youth unites against discrimination!
18181661501138844282,Q7325,Jewish people,R1,the news,Investigating the roles of Toxin/Antitoxin module in pathogenic Neisseria
18185591067412594138,Q2656122,Dom people,R1,do people,Punishing Protest
18190513674104004954,Q125564,Manx people,R1,many people,"InvizBox Go 4G - Security and Privacy, Everywhere"
18191826675213548364,Q125564,Manx people,R1,many people,Hand in hand in the world of Eco-fantasy
18193378906118442504,Q7325,Jewish people,R1,the news,Sustainable Finance and the News Media
18207054544324853795,Q125564,Manx people,R1,many people,Digital Green
18212764334684862621,Q208551,Laz people,R1,lay people,Adult education as a response to climate change
18215437428186136374,Q7325,Jewish people,R1,the ews,The methodology of sources assessing for emergency water supplies (EWS) on the base of risk analysis
18219867435848813716,Q125564,Manx people,R1,many people,Wake up - Young Europeans becoming ChangeMakers for a better Europe
18235839396145608845,Q7325,Jewish people,R1,the jaws,Applying synchrotron X-ray microtomography to a study of Morganucodon and Kuehneotherium: two of the
18236308701039299632,Q125564,Manx people,R1,many people,Understanding the Influence of Islamic Religiosity on Democratic Attitudes in the Arab Middle East
18241621774411962692,Q7325,Jewish people,R1,the news,UKRI Circular Economy Approaches to Eliminate Plastic Waste - University of Cambridge
18246442084866932758,Q125564,Manx people,R1,many people,Cellular determinants of odor discrimination behaviour in rodents
18280232408437711271,Q7325,Jewish people,R1,the news,Transnational Communication and Public Opinion in Early Modern Europe. Reporting the Thirty Years Wa
18285835832315433613,Q125564,Manx people,R1,many people,Responsibly Eating actively values European Education
18293824793231014469,Q48199,Sámi people,R2,Same,Under The Same Sky
18296090252057852244,Q48199,Sámi people,R2,Same,Female Perpetrators of Same-Sex Interpersonal Violence
18299556806341746376,Q2656122,Dom people,R1,do people,"Legal norms and crime control: A comparative, cross-national analysis"
18305666780073245180,Q125564,Manx people,R1,many people,"""""""Game4U"""""""
18305666780073245180,Q7325,Jewish people,R1,the news,"""""""Game4U"""""""
18314693974455552804,Q7325,Jewish people,R1,the news,Intelligent Performance Optimisation of Virtualised Data Storage Systems (iPODS)
18317303689376231958,Q2656122,Dom people,R1,do people,Exploiting spatial cognition in picture database design
18320631165816038276,Q125564,Manx people,R1,many people,The AI Society: Conversations about the impact of artificial intelligence
18336783770848116012,Q125564,Manx people,R1,many people,Confessions
18336783770848116012,Q7325,Jewish people,R1,the news,Confessions
18338417266349988889,Q2656122,Dom people,R1,do people,Exploiting spatial cognition in picture database design
18347765641047643531,Q125564,Manx people,R1,many people,Novel Bio-Inspired 'Smart' Joint for Prosthetics and Robotics Lower Limbs
18354317939993147926,Q125564,Manx people,R1,many people,"Vehicle classification, manufacture and logistics investigation of a new type of micromobility vehic"
18354788208212987051,Q2656122,Dom people,R1,do people,Nudge150: Combining small changes to foods to achieve a sustained decrease in energy intake
18357003476930343074,Q125564,Manx people,R1,many people,Evaluation of recombinant complement factor H as therapy for orphan renal diseases Dense Deposit Dis
18357033225187272499,Q125564,Manx people,R1,many people,The Ethics of Low-Income Animal Agriculture
18359583578735504129,Q2656122,Dom people,R1,do people,PROJECT 4 - HEALTH LITERACY AND CANCER PREVENTION;DO PEOPLE UNDERSTAND WHAT THEY
18361016873019592648,Q125564,Manx people,R1,many people,Reforming Legal Gender Identity: A Socio-Legal Evaluation
18370119147530893657,Q125564,Manx people,R1,many people,Green Power against Noise Pollution
18371758213585362774,Q125564,Manx people,R1,many people,Regulating Emotions - Strengthening Adolescent Resilience (RE-STAR)
18380193506103347777,Q208551,Laz people,R1,lay people,Study ov vaccination behaviours in Senegal: the case of HPV
18387477567841577010,Q125564,Manx people,R1,many people,Communication in a multicultural environment - a step towards career success
18390937198063932303,Q125564,Manx people,R1,many people,"Influence of Brain-Stomach Interactions on Hunger, Satiety and Brain Function"
18407581820017585251,Q125564,Manx people,R1,many people,Migraine burden in individuals with low socioeconomic status: The role of diet
18414253313209071434,Q125564,Manx people,R1,many people,"HEALTHY HABITS, HAPPY MINDS"
18416752030714703820,Q7325,Jewish people,R1,the jaws,Pathophysiologic Mechanisms of Bisphosphonate Related Osteonecrosis of the Jaws
18424059919267621179,Q7325,Jewish people,R1,the news,Looking at global information flows from the 16th century papal court
18428488470890278091,Q125564,Manx people,R1,many people,A complex systems approach to the psychology of adherence to corona protective guidelines.
18433914219592853208,Q5645960,Irish Catholic,R1,irish catholics,"The occupations of London: the Jacobites, the Williamites, and the Glorious Revolution"
18434293227185629460,Q7325,Jewish people,R1,the news,GENETICS AND BEHAVIOR IN THE NEWS MEDIA--1945-1995
